Key,en,fr,es,zh,hi,ar,pt,ru,ja,de,ko,tr,it,vi,pl,nl,th,cs
N/A,English,French,Spanish,Chinese (Simplified),Hindi,Arabic,Portuguese,Russian,Japanese,German,Korean,Turkish,Italian,Vietnamese,Polish,Dutch,Thai,Czech
default-wallet-name,Wallet,Portefeuille,Billetera,钱包,बटुआ,محفظة,Carteira,Кошелек,財布,Geldbörse,지갑,Cüzdan,Portafoglio,Cái ví,Portfel,Portemonnee,กระเป๋าสตางค์,Peněženka
default-budget-name,Budget,Budget,Presupuesto,预算,बजट,ميزانية,Orçamento,Бюджет,バジェット,Budget,예산,Bütçe,Budget,Ngân sách,Budżet,Begroting,งบประมาณ,Rozpočet
current-budget-period,Current Period,Période actuelle,Período actual,现时阶段,वर्तमान अवधि,الفترة الحالية,Período atual,Текущий период,当期,Derzeitige Periode,현재 기간,Mevcut dönem,Periodo attuale,Giai đoạn hiện tại,Obecny okres,Huidige periode,งวดปัจจุบัน,Současné období
budget-history,Budget History,Historique du budget,Historia presupuestaria,预算历史,बजट इतिहास,تاريخ الميزانية,História do orçamento,Бюджетная история,予算履歴,Budgetgeschichte,예산 기록,Bütçe geçmişi,Storia del budget,Lịch sử ngân sách,Historia budżetu,Budgetgeschiedenis,ประวัติงบประมาณ,Historie rozpočtu
home,Home,Maison,Hogar,家,घर,بيت,Lar,Дом,家,Heim,집,Ev,Casa,Trang chủ,Dom,Thuis,บ้าน,Domov
transactions,Transactions,Transactions,Actas,交易,लेनदेन,المعاملات,Transações,Транзакции,トランザクション,Transaktionen,업무,İşlemler,Transazioni,Giao dịch,Transakcje,Transacties,การทำธุรกรรม,Transakce
budgets,Budgets,Budget,Presupuesto,预算,बजट,الميزانيات,Orçamentos,Бюджетный,予算,Budgets,예산,Bütçeler,Budget,Ngân sách,Budżety,Budgetten,งบประมาณ,Rozpočty
more-actions,More Actions,Plus d'actions,Mas acciones,更多操作,अधिक कार्रवाई,المزيد من الإجراءات,Mais ações,Больше действий,より多くのアクション,Mehr Aktionen,더 많은 행동,Daha fazla hareket,Più azioni,Nhiêu hanh động hơn,Więcej akcji,Meer acties,การดำเนินการมากขึ้น,Více akcí
subscriptions,Subscriptions,Abonnements,Suscripciones,订阅,सदस्यता,الاشتراكات,Assinaturas,Подписки,サブスクリプション,Abonnements,구독,Abonelik,Abbonamenti,Đăng ký,Subskrypcje,Abonnementen,การสมัครรับข้อมูล,Předplatné
notifications,Notifications,Notifications,Notificaciones,通知,अधिसूचना,إشعارات,Notificações,Уведомления,通知,Benachrichtigungen,알림,Bildirimler,Notifiche,Thông báo,Powiadomienia,Meldingen,การแจ้งเตือน,Oznámení
edit-wallet,Edit Wallet,Edit portefeuille,Editar billetera,编辑钱包,बटुए संपादित करें,تحرير المحفظة,Editar carteira,Редактировать кошелек,ウォレットを編集します,Brieftasche bearbeiten,지갑 편집,Cüzdanı Düzenle,Modifica il portafoglio,Chỉnh sửa ví,Edytuj portfel,Bewerk portemonnee,แก้ไขกระเป๋าเงิน,Upravit peněženku
wallets,Wallets,Portefeuilles,Billeteras,钱包,पर्स,محافظ,Carteiras,Кошельки,財布,Geldbörsen,지갑,Cüzdan,Portafogli,Ví,Portfele,Wallet,กระเป๋าเงิน,Peněženky
add-transaction,Add Transaction,Ajouter une transaction,Agregar transacción,添加交易,लेनदेन जोड़ें,أضف المعاملة,Adicione a transação,Добавить транзакцию,トランザクションを追加します,Transaktion hinzufügen,트랜잭션을 추가하십시오,İşlem ekle,Aggiungi transazione,Thêm giao dịch,Dodaj transakcję,Transactie toevoegen,เพิ่มธุรกรรม,Přidat transakci
add-wallet,Add Wallet,Ajouter le portefeuille,Agregar billetera,添加钱包,बटुआ जोड़ें,أضف محفظة,Adicione a carteira,Добавить кошелек,ウォレットを追加します,Geldbörse hinzufügen,지갑을 추가하십시오,Cüzdan ekle,Aggiungi portafoglio,Thêm ví,Dodaj portfel,Voeg portemonnee toe,เพิ่มกระเป๋าเงิน,Přidejte peněženku
add-category,Add Category,ajouter une catégorie,añadir categoría,添加类别,श्रेणी जोड़ना,إضافة فئة,Adicionar categoria,Добавить категорию,追加カテゴリ,Kategorie hinzufügen,카테고리 추가,Kategori ekle,Aggiungi categoria,thêm thể loại,Dodaj kategorię,categorie toevoegen,เพิ่มหมวดหมู่,Přidat kategorii
add-title,Add Title,Ajouter un titre,Añadir título,添加标题,शीर्षक जोडें,أضف عنوانا,Adicione o título,Добавить заголовок,表題を加える,Titel hinzufügen,제목 추가,Başlık ekle,Aggiungi titolo,Thêm tiêu đề,Dodaj tytuł,Titel toevoegen,เพิ่มหัวข้อ,Přidat titulek
add-budget,Add Budget,Ajouter un budget,Agregar presupuesto,添加预算,बजट जोड़ें,أضف الميزانية,Adicione orçamento,Добавить бюджет,予算を追加します,Budget hinzufügen,예산 추가,Bütçe ekle,Aggiungi budget,Thêm ngân sách,Dodaj budżet,Budget toevoegen,เพิ่มงบประมาณ,Přidejte rozpočet
title-placeholder,Title,Titre,Título,标题,शीर्षक,عنوان,Título,Заголовок,タイトル,Titel,제목,Başlık,Titolo,Tiêu đề,Tytuł,Titel,ชื่อ,Titul
name-placeholder,Name,Nom,Nombre,姓名,नाम,اسم,Nome,Имя,名前,Name,이름,İsim,Nome,Tên,Nazwa,Naam,ชื่อ,název
enter-name,Enter Name,Entrez le nom,Ingrese su nombre,输入名字,नाम दर्ज करें,أدخل الاسم,Insira o nome,Введите имя,名前を入力,Name eingeben,이름을 입력하시오,İsim giriniz,Inserisci il nome,Nhập tên,Wprowadź imię,Voer naam in,ใส่ชื่อ,Napište jméno
nickname-placeholder,Nickname,Surnom,Apodo,昵称,उपनाम,كنية,Apelido,Прозвище,ニックネーム,Spitzname,별명,Takma ad,Soprannome,Tên nick,Przezwisko,Bijnaam,ชื่อเล่น,Přezdívka
notes-placeholder,Notes,Remarques,Notas,笔记,टिप्पणियाँ,ملحوظات,Notas,Примечания,ノート,Anmerkungen,노트,Notalar,Appunti,Ghi chú,Notatki,Aantekeningen,หมายเหตุ,Poznámky
view-more,View More,Voir plus,Ver más,查看更多,और देखें,عرض المزيد,Veja mais,Просмотреть больше,もっと見る,Mehr sehen,더보기,Daha fazla göster,Visualizza di più,Xem thêm,Zobacz więcej,Bekijk meer,ดูเพิ่มเติม,Ukázat více
view-all-transactions,View All Transactions,Afficher toutes les transactions,Ver todas las transacciones,查看所有交易,सभी लेनदेन देखें,عرض جميع المعاملات,Veja todas as transações,Просмотреть все транзакции,すべてのトランザクションを表示します,Alle Transaktionen anzeigen,모든 트랜잭션을보십시오,Tüm işlemleri görüntüle,Visualizza tutte le transazioni,Xem tất cả các giao dịch,Zobacz wszystkie transakcje,Bekijk alle transacties,ดูธุรกรรมทั้งหมด,Zobrazit všechny transakce
expense,Expense,Frais,Gastos,费用,व्यय,مصروف,Despesa,Расход,費用,Kosten,비용,Masraf,Spese,Chi phí,Koszt,Kosten,ค่าใช้จ่าย,Výdaje
income,Income,Revenu,Ingreso,收入,आय,دخل,Renda,Доход,所得,Einkommen,소득,Gelir,Reddito,Thu nhập,Dochód,Inkomen,รายได้,Příjem
notifications-disabled,Notifications Disabled,Notifications désactivées,Notificaciones discapacitadas,禁用通知,सूचनाएं अक्षम हैं,الإخطارات المعوقة,Notificações desativadas,Уведомления отключены,通知が無効になっています,Benachrichtigungen deaktiviert,알림이 비활성화되었습니다,Bildirimler devre dışı,Notifiche disabilitate,Thông báo bị vô hiệu hóa,Powiadomienia wyłączone,Meldingen uitgeschakeld,การแจ้งเตือนปิดใช้งาน,Oznámení zakázána
notifications-disabled-description,Tap here to enable notifications in the phone's settings page,Appuyez ici pour activer les notifications sur la page des paramètres du téléphone,Toque aquí para habilitar notificaciones en la página de configuración del teléfono,点击此处以在手机设置页面中启用通知,फोन के सेटिंग पेज में सूचनाओं को सक्षम करने के लिए यहां टैप करें,اضغط هنا لتمكين الإخطارات في صفحة إعدادات الهاتف,Toque aqui para ativar notificações na página de configurações do telefone,"Нажмите здесь, чтобы включить уведомления на странице настроек телефона",ここをタップして、電話の設定ページで通知を有効にします,"Tippen Sie hier, um Benachrichtigungen auf der Seite der Einstellungen des Telefons zu aktivieren",전화 설정 페이지에서 알림을 활성화하려면 여기를 누릅니다.,Telefonun Ayarları sayfasındaki bildirimleri etkinleştirmek için buraya dokunun,Tocca qui per abilitare le notifiche nella pagina delle impostazioni del telefono,Nhấn vào đây để bật thông báo trong trang Cài đặt điện thoại,"Stuknij tutaj, aby włączyć powiadomienia na stronie Ustawienia telefonu",Tik hier om meldingen in te schakelen op de pagina Instellingen van de telefoon,แตะที่นี่เพื่อเปิดใช้งานการแจ้งเตือนในหน้าการตั้งค่าของโทรศัพท์,Klepnutím zde povolíte oznámení na stránce Nastavení telefonu
greetings-general-1,Hello,Bonjour,Hola,你好,नमस्ते,مرحبًا,Olá,Привет,こんにちは,Hallo,안녕하세요,Merhaba,Ciao,Xin chào,Cześć,Hallo,สวัสดี,Ahoj
greetings-general-2,Hi there,Bonjour à tous,Hola,你好呀,नमस्ते,أهلاً,Olá,Всем привет,やあ,Hi,안녕하세요,Merhaba,Ciao,Chào bạn,Cześć,Hoi,สวัสดี,Ahoj
greetings-general-3,Hi,Salut,Hola,你好,नमस्ते,أهلاً,Oi,Привет,やあ,Hallo,안녕,MERHABA,CIAO,CHÀO,Cześć,Hoi,สวัสดี,Ahoj
greetings-general-4,How are you,Comment allez-vous,Cómo estás,你好吗,आप कैसे हैं,كيف حالك,Como vai,Как вы,元気ですか,Wie geht es dir,어떻게 지내세요,Nasılsın,Come stai,Bạn có khỏe không,Jak się masz,Hoe is het,คุณเป็นอย่างไร,Jak se máte
greetings-general-5,What's up,Quoi de neuf,Qué pasa,这是怎么回事,क्या चल रहा है,ما أخبارك,E aí,Как дела,どうしたの,Was geht,무슨 일이야,Naber,Che cosa succede,Có chuyện gì vậy,Co słychać,Wat is er,ว่าไง,Co se děje
greetings-general-6,Hello there,Bonjour,Hola,你好呀,नमस्ते,أهلاً بك,Olá,Привет,こんにちは,Hallo,안녕,Selamlar,Ciao,xin chào,Witam,Hallo daar,สวัสดี,Ahoj
greetings-general-7,Hope all is well,J'espère que tout va bien,Espero que todo este bien,希望一切安好,उम्मीद है कि सबकुछ ठीक होगा,آمل ان يكون الجميع بخير,Espero que esteja tudo bem,Надеюсь все хорошо,すべてが順調であることを願っています,"Ich hoffe, es ist alles in Ordnung",모든 것이 잘되기를 바랍니다,Umarım her şey iyidir,Spero sia tutto a posto,Hy vọng tất cả đều tốt,"Mam nadzieję, że wszystko w porządku",Hoop dat alles goed gaat,หวังว่าทุกอย่างจะดี,"Doufám, že je vše v pořádku"
greetings-morning-1,Good morning,Bonjour,Buen día,早上好,शुभ प्रभात,صباح الخير,Bom dia,Доброе утро,おはよう,Guten Morgen,좋은 아침이에요,Günaydın,Buongiorno,Chào buổi sáng,Dzień dobry,Goedemorgen,สวัสดีตอนเช้า,Dobré ráno
greetings-morning-2,Good day,Bonne journée,Buen día,再会,आपका दिन शुभ हो,يوم جيد,Bom dia,Добрый день,良い一日,Guten Tag,안녕하세요,İyi günler,Buona giornata,ngày tốt,Dobry dzień,Goededag,ขอให้เป็นวันที่ดี,Dobrý den
greetings-afternoon-1,Good afternoon,Bon après-midi,Buenas tardes,下午好,नमस्कार,مساء الخير,Boa tarde,Добрый день,こんにちは,Guten Tag,좋은 오후에요,Tünaydın,Buon pomeriggio,Chào buổi chiều,Dzień dobry,Goedemiddag,สวัสดีตอนบ่าย,Dobré odpoledne
greetings-afternoon-2,Good day,Bonne journée,Buen día,再会,आपका दिन शुभ हो,يوم جيد,Bom dia,Добрый день,良い一日,Guten Tag,안녕하세요,İyi günler,Buona giornata,ngày tốt,Dobry dzień,Goededag,ขอให้เป็นวันที่ดี,Dobrý den
greetings-evening-1,Good evening,Bonne soirée,Buenas noches,晚上好,नमस्ते,مساء الخير,Boa noite,Добрый вечер,こんばんは,Guten Abend,좋은 저녁이에요,İyi akşamlar,Buonasera,Buổi tối vui vẻ,Dobry wieczór,Goedeavond,สวัสดีตอนเย็น,Dobrý večer
greetings-late-1,Good night,Bonne nuit,Buenas noches,晚安,शुभ रात्रि,طاب مساؤك,Boa noite,Спокойной ночи,おやすみ,Gute Nacht,안녕히 주무세요,İyi geceler,Buona notte,Chúc ngủ ngon,Dobranoc,Welterusten,ราตรีสวัสดิ์,Dobrou noc
greetings-late-2,Get some rest,Se reposer,Descansar un poco,休息一下,कुछ आराम मिलना,خذ قسطا من الراحة,Descanse um pouco,Отдохни,少し休む,Erhol dich etwas,좀 쉬,Biraz dinlen,Riposati,Nghỉ ngơi chút đi,Odpocząć,Rust wat uit,รับส่วนที่เหลือบางส่วน,Trochu odpočinout
all-spending,All Spending,Toutes les dépenses,Todo el gasto,所有支出,सभी खर्च,كل الإنفاق,Todos os gastos,Все расходы,すべての支出,Alle Ausgaben,모든 지출,Tüm harcamalar,Tutta la spesa,Tất cả chi tiêu,Wszystkie wydatki,Alle uitgaven,การใช้จ่ายทั้งหมด,Všechny výdaje
edit-data,Edit Data,Modifier les données,Editar datos,编辑数据,डेटा संपादित करें,تحرير البيانات,Editar dados,Редактировать данные,データを編集します,Daten bearbeiten,데이터 편집,Verileri Düzenle,Modificare i dati,Chỉnh sửa dữ liệu,Edytuj dane,Gegevens bewerken,แก้ไขข้อมูล,Upravit data
wallet-details,Wallet Details,Détails du portefeuille,Detalles de la billetera,钱包细节,बटुआ विवरण,تفاصيل المحفظة,Detalhes da carteira,Детали кошелька,ウォレットの詳細,Brieftaschendetails,지갑 세부 사항,Cüzdan detayları,Dettagli del portafoglio,Chi tiết ví,Szczegóły portfela,Portemonnee details,รายละเอียดกระเป๋าเงิน,Podrobnosti o peněžence
budgets-details,Budgets Details,Détails des budgets,Detalles de presupuestos,预算细节,बजट विवरण,تفاصيل الميزانيات,Detalhes dos orçamentos,Бюджетные детали,予算の詳細,Budgetdetails,예산 세부 사항,Bütçe Ayrıntıları,Dettagli budget,Chi tiết ngân sách,Szczegóły budżetów,Budgettengegevens,รายละเอียดงบประมาณ,Podrobnosti o rozpočtech
categories-details,Categories Details,Catégories Détails,Detalles de categorías,类别详细信息,श्रेणियां विवरण,تفاصيل الفئات,Detalhes das categorias,Детали категорий,カテゴリの詳細,Kategorien Details,카테고리 세부 사항,Kategori Ayrıntıları,Dettagli delle categorie,Danh mục chi tiết,Szczegóły kategorii,Categorieën details,รายละเอียดหมวดหมู่,Podrobnosti kategorií
titles-details,Titles Details,Titres Détails,Detalles de títulos,标题详细信息,शीर्षक विवरण,تفاصيل العناوين,Detalhes dos títulos,Название детали,タイトルの詳細,Titeldetails,제목 세부 사항,Başlık Detayları,Dettagli dei titoli,Tiêu đề chi tiết,Szczegóły tytułów,Titels Details,รายละเอียดชื่อเรื่อง,Podrobnosti titulů
edit-wallets,Edit Wallets,Modifier les portefeuilles,Editar billeteras,编辑钱包,बटुए संपादित करें,تحرير المحافظ,Editar carteiras,Редактировать кошельки,ウォレットを編集します,Brieftaschen bearbeiten,지갑 편집,Cüzdanları Düzenle,Modifica portafogli,Chỉnh sửa ví,Edytuj portfele,Wallets bewerken,แก้ไขกระเป๋าเงิน,Upravit peněženky
edit-budgets,Edit Budgets,Modifier les budgets,Editar presupuestos,编辑预算,बजट संपादित करें,تحرير الميزانيات,Editar orçamentos,Редактировать бюджеты,予算を編集します,Budgets bearbeiten,예산 편집,Bütçeleri Düzenle,Modifica budget,Chỉnh sửa ngân sách,Edytuj budżety,Budgetten bewerken,แก้ไขงบประมาณ,Upravit rozpočty
edit-categories,Edit Categories,Modifier les catégories,Editar categorías,编辑类别,श्रेणियां संपादित करें,تحرير الفئات,Categorias de edição,Редактировать категории,カテゴリを編集します,Kategorien bearbeiten,카테고리 편집,Kategorileri Düzenle,Modifica categorie,Chỉnh sửa danh mục,Edytuj kategorie,Categorieën bewerken,แก้ไขหมวดหมู่,Úpravy kategorií
edit-titles,Edit Titles,Modifier les titres,Editar títulos,编辑标题,शीर्षक संपादित करें,تحرير العناوين,Editar títulos,Редактировать названия,タイトルを編集します,Titel bearbeiten,제목 편집,Başlıkları Düzenle,Modifica titoli,Chỉnh sửa tiêu đề,Edytuj tytuły,Bewerk titels,แก้ไขชื่อเรื่อง,Upravit tituly
select-categories-to-watch,Select Categories to Watch,Sélectionnez les catégories à regarder,Seleccione categorías para ver,选择要观看的类别,देखने के लिए श्रेणियों का चयन करें,حدد فئات للمشاهدة,Selecione categorias para assistir,"Выберите категории, чтобы посмотреть",視聴するカテゴリを選択します,"Wählen Sie Kategorien aus, um sie zu beobachten",볼 카테고리를 선택하십시오,İzlenecek Kategoriler Seçin,Seleziona le categorie da guardare,Chọn danh mục để xem,Wybierz kategorie do oglądania,Selecteer categorieën om te bekijken,เลือกหมวดหมู่ที่จะดู,"Vyberte kategorie, které chcete sledovat"
watch-categories,Watch Categories,Catégories de surveillance,Mira las categorías,观看类别,देखो श्रेणियां,مشاهدة فئات,Assistir categorias,Смотреть категории,カテゴリを見る,Sehen Sie sich Kategorien an,카테고리보기,Kategorileri İzleyin,Guarda le categorie,Xem danh mục,Oglądaj kategorie,Bekijk categorieën,ดูหมวดหมู่,Sledujte kategorie
upcoming,Upcoming,A venir,Próximo,即将到来,आगामी,القادمة,Por vir,Предстоящий,今後,Bevorstehende,다가오는,Yaklaşan,Imminente,Sắp tới,Nadchodzące,Aankomend,ที่กำลังจะมาถึง,Nadcházející
overdue,Overdue,En retard,Atrasado,逾期,अतिदेय,تأخر,Atrasado,Просрочен,期限切れ,Überfällig,기한이 지난,Gecikmiş,In ritardo,Quá hạn,Zaległy,Verlopen,ค้างชำระ,Zpožděný
lent,Lent,Prêté,Prestado,大斋节,रोज़ा,أقرض,Emprestado,Пост,貸し出し,Fastenzeit,사순절,Ödünç vermek,Prestato,Mùa Chay,Pożyczony,Leen,ให้ยืม,Půjčil
borrowed,Borrowed,Emprunté,Prestado,借,उधार,اقترضت، استعارت,Emprestado,Заимствовано,借りた,Geliehen,빌린,Ödünç alınmış,Preso in prestito,Mượn,Pożyczone,Geleend,ยืม,Půjčil
all,All,Tous,Todo,全部,सभी,الجميع,Todos,Все,全て,Alle,모두,Tüm,Tutto,Tất cả,Wszystko,Alle,ทั้งหมด,Všechno
no-transactions-within-time-range,No transactions within time range,Aucune transaction dans une plage de temps,Sin transacciones dentro del rango de tiempo,时间范围内没有交易,समय सीमा के भीतर कोई लेनदेन नहीं,لا توجد معاملات ضمن نطاق الوقت,Sem transações dentro do intervalo de tempo,Нет транзакций в диапазоне времени,時間範囲内でトランザクションはありません,Keine Transaktionen innerhalb des Zeitbereichs,시간 범위 내에서 거래가 없습니다,Zaman aralığında işlem yok,Nessuna transazione nel raggio di tempo,Không có giao dịch trong phạm vi thời gian,Brak transakcji w zakresie czasu,Geen transacties binnen het tijdbereik,ไม่มีธุรกรรมภายในช่วงเวลา,Žádné transakce v časovém rozsahu
total-cash-flow,Total cash flow,Flux de trésorerie total,Flujo de caja total,总现金流,कुल नकदी प्रवाह,إجمالي التدفق النقدي,Fluxo de caixa total,Общий денежный поток,総キャッシュフロー,Totaler Cashflow,총 현금 흐름,Toplam Nakit Akışı,Flusso di cassa totale,Tổng dòng tiền,Całkowity przepływ gotówki,Totale kasstroom,กระแสเงินสดทั้งหมด,Celkový peněžní tok
today,Today,Aujourd'hui,Hoy,今天,आज,اليوم,Hoje,Сегодня,今日,Heute,오늘,Bugün,Oggi,Hôm nay,Dzisiaj,Vandaag,วันนี้,Dnes
yesterday,Yesterday,Hier,Ayer,昨天,कल,أمس,Ontem,Вчера,昨日,Gestern,어제,Dün,Ieri,Hôm qua,Wczoraj,Gisteren,เมื่อวาน,Včera
tomorrow,Tomorrow,Demain,Mañana,明天,आने वाला कल,غداً,Amanhã,Завтра,明日,Morgen,내일,Yarın,Domani,Ngày mai,Jutro,Morgen,พรุ่งนี้,Zítra
remaining-amount-of,left of,à gauche,izquierda de,的左边,के लिए छोड़ दिया,بقي من,à esquerda de,слева от,の左,übrig von,왼쪽,solunda,alla sinistra di,bên trái của,po lewej,links van,ด้านซ้าย,vlevo z
spent-amount-of,spent of,dépensé,gastado de,花费,का खर्च,أنفق,gasto de,потрачен,の費やしました,ausgegeben von,지출,harcanmış,speso di,chi tiêu,spędzony z,doorgebracht van,ใช้จ่าย,strávený
overspent-amount-of,overspent of,dépasser,sobresalto de,太过经过,की ओर,زيادة في,gasto excessivo de,перерасход,の過剰spent,Überausgegeben von,과잉,aşırı,eccessivo di,quá mức của,nadmiernie wydać,te veel gespannen van,เกิน,nadměrné hodnocení
onboarding-title-1,Track your spending habits with {app}!,Suivez vos habitudes de dépenses avec {app}!,¡Rastree sus hábitos de gasto con {app}!,通过{app}跟踪您的支出习惯！,{app} के साथ अपनी खर्च करने की आदतों को ट्रैक करें!,تتبع عادات الإنفاق الخاصة بك مع {app}!,Rastreie seus hábitos de consumo com {app}!,Отслеживайте свои привычки расходов с {app}!,{app}で支出習慣を追跡してください！,Verfolgen Sie Ihre Ausgabengewohnheiten mit {app}!,{app}로 지출 습관을 추적하십시오!,Harcama alışkanlıklarınızı {app} ile takip edin!,Traccia le tue abitudini di spesa con {app}!,Theo dõi thói quen chi tiêu của bạn với {app}!,Śledź swoje nawyki związane z wydatkami za pomocą {app}!,Volg uw bestedingsgewoonten met {app}!,ติดตามนิสัยการใช้จ่ายของคุณด้วย {app}!,Sledujte své výdajové návyky s {app}!
onboarding-info-1,Enter your daily transactions to gain powerful insights into your spending habits.,Entrez vos transactions quotidiennes pour obtenir des informations puissantes sur vos habitudes de dépenses.,Ingrese sus transacciones diarias para obtener información poderosa sobre sus hábitos de gasto.,输入您的日常交易，以获得对您的支出习惯的强大见解。,अपनी खर्च करने की आदतों में शक्तिशाली अंतर्दृष्टि प्राप्त करने के लिए अपने दैनिक लेनदेन दर्ज करें।,أدخل معاملاتك اليومية لاكتساب رؤى قوية في عادات الإنفاق الخاصة بك.,Digite suas transações diárias para obter informações poderosas sobre seus hábitos de consumo.,"Введите свои ежедневные транзакции, чтобы получить мощное представление о ваших привычках расходов.",毎日の取引を入力して、支出習慣に関する強力な洞察を得てください。,"Geben Sie Ihre täglichen Transaktionen ein, um starke Einblicke in Ihre Ausgabengewohnheiten zu erhalten.",매일 거래를 입력하여 지출 습관에 대한 강력한 통찰력을 얻으십시오.,Harcama alışkanlıklarınız hakkında güçlü bilgiler kazanmak için günlük işlemlerinizi girin.,Inserisci le tue transazioni quotidiane per ottenere potenti intuizioni sulle tue abitudini di spesa.,Nhập các giao dịch hàng ngày của bạn để có được những hiểu biết mạnh mẽ về thói quen chi tiêu của bạn.,"Wprowadź codzienne transakcje, aby uzyskać potężne wgląd w swoje nawyki związane z wydatkami.",Voer uw dagelijkse transacties in om krachtige inzichten te krijgen in uw bestedingspatroon.,ป้อนธุรกรรมประจำวันของคุณเพื่อรับข้อมูลเชิงลึกที่มีประสิทธิภาพในพฤติกรรมการใช้จ่ายของคุณ,"Zadejte své denní transakce, abyste získali silné poznatky o svých výdajových návycích."
onboarding-title-2,Set up a budget,Établir un budget,Establecer un presupuesto,制定预算,एक बजट स्थापित करना,وضع ميزانية,Configurar um orçamento,Установить бюджет,予算を設定します,Budget einrichten,예산을 설정하십시오,Bir Bütçe Kurun,Impostare un budget,Thiết lập ngân sách,Ustaw budżet,Stel een budget op,ตั้งงบประมาณ,Nastavte rozpočet
onboarding-info-2-1,Choose an amount right for you.,Choisissez un montant pour vous.,Elija una cantidad adecuada para usted.,选择适合您的金额。,आपके लिए एक राशि सही चुनें।,اختر مبلغًا مناسبًا لك.,Escolha uma quantidade certa para você.,Выберите сумму подходящего для вас.,あなたにぴったりの金額を選択してください。,Wählen Sie eine Menge richtig für Sie.,당신에게 맞는 금액을 선택하십시오.,Sizin için doğru bir miktar seçin.,Scegli un importo giusto per te.,Chọn một số tiền phù hợp với bạn.,Wybierz kwotę odpowiednią dla Ciebie.,Kies een bedrag goed voor u.,เลือกจำนวนเงินที่เหมาะสมสำหรับคุณ,Vyberte si částku pro vás.
onboarding-info-2-2,You can always change it and add more budgets.,Vous pouvez toujours le changer et ajouter plus de budgets.,Siempre puede cambiarlo y agregar más presupuestos.,您可以随时更改它并添加更多预算。,आप हमेशा इसे बदल सकते हैं और अधिक बजट जोड़ सकते हैं।,يمكنك دائمًا تغييره وإضافة المزيد من الميزانيات.,Você sempre pode alterá -lo e adicionar mais orçamentos.,Вы всегда можете изменить его и добавить больше бюджетов.,いつでも変更して予算を追加できます。,Sie können es immer ändern und mehr Budgets hinzufügen.,언제든지 변경하고 예산을 더 추가 할 수 있습니다.,Her zaman değiştirebilir ve daha fazla bütçe ekleyebilirsiniz.,Puoi sempre cambiarlo e aggiungere più budget.,Bạn luôn có thể thay đổi nó và thêm nhiều ngân sách.,Zawsze możesz to zmienić i dodać więcej budżetów.,U kunt het altijd wijzigen en meer budgetten toevoegen.,คุณสามารถเปลี่ยนและเพิ่มงบประมาณได้เสมอ,Vždy jej můžete změnit a přidat další rozpočty.
onboarding-title-3,Welcome to {app}!,Bienvenue à {app}!,Bienvenido a {app}!,欢迎来到{app}！,{app} में आपका स्वागत है!,مرحبا بكم في {app}!,Bem -vindo ao {app}!,Добро пожаловать в {app}!,{app}へようこそ！,Willkommen bei {app}!,{app}에 오신 것을 환영합니다!,{app}'ye hoş geldiniz!,Benvenuti a {app}!,Chào mừng bạn đến với {app}!,Witamy w {app}!,Welkom bij {app}!,ยินดีต้อนรับสู่ {app}!,Vítejte v {app}!
sign-in-with-google,Sign In with Google,Connectez-vous avec Google,Inicia sesión con Google,与Google登录,Google के साथ साइन इन करें,الدخول مع جوجل,Faça login no Google,Войдите с Google,Googleにサインインします,Anmeldung mit Google,Google에 로그인하십시오,Google ile giriş yap,Accedi con Google,Đăng nhập bằng Google,Zaloguj się z Google,Log in met Google,ลงชื่อเข้าใช้กับ Google,Přihlaste se s Googlem
onboarding-info-3,Keep your data backed up and synced across different platforms.,Gardez vos données sauvegardées et synchronisées sur différentes plates-formes.,Mantenga sus datos respaldados y sincronizados en diferentes plataformas.,保持数据备份并在不同平台上同步。,अपने डेटा को बैकअप रखें और विभिन्न प्लेटफार्मों पर सिंक करें।,حافظ على دعم البيانات الخاص بك ومزامنتها عبر منصات مختلفة.,Mantenha seus dados apoiados e sincronizados em diferentes plataformas.,Держите свои данные резервными копированием и синхронизированы на разных платформах.,データをバックアップして、さまざまなプラットフォーム間で同期します。,Halten Sie Ihre Daten unterstützt und über verschiedene Plattformen hinweg synchronisiert.,데이터를 백업하고 다른 플랫폼에서 동기화하십시오.,Verilerinizi yedekleyin ve farklı platformlarda senkronize edin.,Mantieni il backup dei dati e sincronizzati su piattaforme diverse.,Giữ dữ liệu của bạn được sao lưu và được đồng bộ hóa trên các nền tảng khác nhau.,Utrzymuj kopie zapasowe i synchronizację danych na różnych platformach.,Houd uw gegevens ondersteund en gesynchroniseerd op verschillende platforms.,เก็บข้อมูลของคุณสำรองและซิงค์ข้ามแพลตฟอร์มที่แตกต่างกัน,Udržujte svá data zálohovaná a synchronizovaná na různých platformách.
continue-without-sign-in,Continue Without Sign In,Continuer sans connecter,Continuar sin iniciar sesión,继续没有登录,साइन इन के बिना जारी रखें,استمر دون تسجيل الدخول,Continue sem login,Продолжить без войны,サインインせずに続行します,Fahren Sie ohne Anmeldung fort,로그인없이 계속하십시오,Oturum açmadan devam et,Continua senza accedere,Tiếp tục mà không cần đăng nhập,Kontynuuj bez logowania,Ga door zonder in te loggen,ดำเนินการต่อโดยไม่ต้องลงชื่อเข้าใช้,Pokračujte bez přihlášení
login,Login,Connexion,Acceso,登录,लॉग इन करें,تسجيل الدخول,Conecte-se,Авторизоваться,ログイン,Anmeldung,로그인,Giriş yapmak,Login,Đăng nhập,Zaloguj sie,Log in,เข้าสู่ระบบ,Přihlásit se
settings,Settings,Paramètres,Ajustes,设置,समायोजन,إعدادات,Configurações,Настройки,設定,Einstellungen,설정,Ayarlar,Impostazioni,Cài đặt,Ustawienia,Instellingen,การตั้งค่า,Nastavení
about,About,À propos,Acerca de,关于,के बारे में,عن,Sobre,О,だいたい,Um,에 대한,Hakkında,Di,Về,O,Over,เกี่ยวกับ,O
about-app,About {app},À propos de {app},Acerca de {app},关于{app},{app} के बारे में,حول {app},Sobre {app},О {app},{app}について,Über {app},{app} 정보,{app} Hakkında,Su {app},Khoảng {app},O {app},Over {app},เกี่ยวกับ {app},O {app}
share-feedback,Share Feedback,Partager des commentaires,Compartir comentarios,共享反馈,शेयर प्रतिक्रिया,مشاركة ردود الفعل,Compartilhe feedback,Поделиться обратной связью,フィードバックを共有します,Feedback teilen,피드백을 공유하십시오,Geri bildirim paylaşın,Condividi il feedback,Chia sẻ phản hồi,Udostępnij informację zwrotną,Deel feedback,แบ่งปันข้อเสนอแนะ,Sdílejte zpětnou vazbu
theme,Theme Mode,Mode thème,Modo de tema,主题模式,थीम मोड,وضع الموضوع,Modo de tema,Тематический режим,テーマモード,Themenmodus,테마 모드,Tema modu,Modalità tema,Chế độ chủ đề,Tryb motywu,Themamodus,โหมดธีม,Režim motivu
accent-color,Accent Color,Couleur accent,Acentuar el color,口音颜色,स्वरोंका रंग,لون لهجة,Cor de destaque,Акцентный цвет,アクセントの色,Akzentfarbe,악센트 색상,Aksan rengi,Colore accento,Màu điểm nhấn,Kolor akcentu,Accent kleur,สีเน้น,Accent Color
accent-color-description,Select a color theme for the interface,Sélectionnez un thème de couleur pour l'interface,Seleccione un tema de color para la interfaz,为接口选择一个颜色主题,इंटरफ़ेस के लिए एक रंग विषय का चयन करें,حدد سمة ملونة للواجهة,Selecione um tema de cor para a interface,Выберите цветную тему для интерфейса,インターフェイスのカラーテーマを選択します,Wählen Sie ein Farbthema für die Schnittstelle aus,인터페이스의 색상 테마를 선택하십시오,Arayüz için bir renk teması seçin,Seleziona un tema del colore per l'interfaccia,Chọn một chủ đề màu cho giao diện,Wybierz motyw kolorów dla interfejsu,Selecteer een kleurenthema voor de interface,เลือกธีมสีสำหรับอินเทอร์เฟซ,Vyberte barevné téma pro rozhraní
material-you,Material You,Matériel vous,Material tu,物质你,आप सामग्री,مواد لك,Material você,Материал вы,あなたの素材,Material Sie,당신을 재료,Malzeme Siz,Materiale te,Tài liệu bạn,Materiały,Materiaal jij,วัสดุคุณ,Materiál tě
material-you-description,Use a colorful expressive interface,Utilisez une interface expressive colorée,Use una interfaz expresiva colorida,使用彩色表达界面,एक रंगीन अभिव्यंजक इंटरफ़ेस का उपयोग करें,استخدم واجهة تعبيرية ملونة,Use uma interface expressiva colorida,Используйте красочный выразительный интерфейс,カラフルな表現力のあるインターフェイスを使用します,Verwenden Sie eine farbenfrohe ausdrucksstarke Schnittstelle,다채로운 표현 인터페이스를 사용하십시오,Renkli bir etkileyici arayüz kullanın,Usa un'interfaccia espressiva colorata,Sử dụng giao diện biểu cảm đầy màu sắc,Użyj kolorowego ekspresyjnego interfejsu,Gebruik een kleurrijke expressieve interface,ใช้อินเทอร์เฟซที่แสดงออกสีสันสดใส,Použijte barevné expresivní rozhraní
theme-mode,Theme Mode,Mode thème,Modo de tema,主题模式,थीम मोड,وضع الموضوع,Modo de tema,Тематический режим,テーマモード,Themenmodus,테마 모드,Tema modu,Modalità tema,Chế độ chủ đề,Tryb motywu,Themamodus,โหมดธีม,Režim motivu
preferences,Preferences,Préférences,Preferencias,优先,पसंद,التفضيلات,Preferências,Предпочтения,環境設定,Vorlieben,선호도,Tercihler,Preferenze,Sở thích,Preferencje,Voorkeuren,การตั้งค่า,Preference
language,Language,Langue,Idioma,语言,भाषा,لغة,Linguagem,Язык,言語,Sprache,언어,Dil,Lingua,Ngôn ngữ,Język,Taal,ภาษา,Jazyk
username,Username,Nom d'utilisateur,Nombre de usuario,用户名,उपयोगकर्ता नाम,اسم المستخدم,Nome de usuário,Имя пользователя,ユーザー名,Nutzername,사용자 이름,Kullanıcı adı,Nome utente,tên tài khoản,Nazwa użytkownika,Gebruikersnaam,ชื่อผู้ใช้,Uživatelské jméno
battery-saver,Battery Saver,Économiseur de batterie,Ahorro de batería,省电,बैटरी बचाने वाला,حافظ البطارية,Economizador de bateria,Спасение аккумулятора,バッテリーセーバー,Batteriesparer,배터리 세이버,Batarya koruyucu,Saver batteria,Tiết kiệm pin,Program oszczędzający baterię,Batterij bespaarder,ประหยัดแบตเตอรี่,Šetřič baterie
battery-saver-description,Optimize the UI to increase performance and save battery,Optimiser l'interface utilisateur pour augmenter les performances et économiser la batterie,Optimizar la interfaz de usuario para aumentar el rendimiento y ahorrar batería,优化UI以提高性能并节省电池,प्रदर्शन बढ़ाने और बैटरी को बचाने के लिए यूआई का अनुकूलन करें,قم بتحسين واجهة المستخدم لزيادة الأداء وحفظ البطارية,Otimize a interface do usuário para aumentar o desempenho e salvar a bateria,Оптимизируйте пользовательский интерфейс для повышения производительности и сэкономить батарею,UIを最適化してパフォーマンスを向上させ、バッテリーを保存します,"Optimieren Sie die Benutzeroberfläche, um die Leistung zu erhöhen und den Akku zu sparen",UI를 최적화하여 성능을 높이고 배터리를 절약하십시오,Performansı artırmak ve pili tasarruf etmek için kullanıcı arayüzünü optimize edin,Ottimizza l'interfaccia utente per aumentare le prestazioni e risparmiare batteria,Tối ưu hóa UI để tăng hiệu suất và tiết kiệm pin,"Zoptymalizuj interfejs użytkownika, aby zwiększyć wydajność i zaoszczędzić baterię",Optimaliseer de gebruikersinterface om de prestaties te verhogen en de batterij te besparen,เพิ่มประสิทธิภาพ UI เพื่อเพิ่มประสิทธิภาพและประหยัดแบตเตอรี่,Optimalizujte uživatelské rozhraní pro zvýšení výkonu a uložení baterie
require-biometrics,Require Biometrics,Nécessiter une biométrie,Requiere biometría,需要生物识别技术,बायोमेट्रिक्स की आवश्यकता है,تتطلب القياسات الحيوية,Requer biometria,Требовать биометрии,生体認証が必要です,Erfordern Biometrie,생체 인식이 필요합니다,Biyometri gerektirir,Richiedono biometria,Yêu cầu sinh trắc học,Wymagają biometryki,Biometrie vereisen,ต้องการชีวภาพ,Vyžadovat biometriku
require-biometrics-description,Lock the application with biometrics,Verrouillez l'application avec biométrie,Bloquear la aplicación con biometría,用生物识别技术锁定应用程序,बायोमेट्रिक्स के साथ आवेदन को लॉक करें,قفل التطبيق مع القياسات الحيوية,Bloquear a aplicação com biometria,Заблокируйте приложение с помощью биометрии,バイオメトリクスでアプリケーションをロックします,Sperren Sie die Anwendung mit Biometrie,생체 인식으로 응용 프로그램을 잠그십시오,Uygulamayı biyometri ile kilitleyin,Blocca l'applicazione con biometria,Khóa ứng dụng bằng sinh trắc học,Zablokuj aplikację biometrią,Vergrendel de toepassing met biometrie,ล็อคแอปพลิเคชันด้วยชีวภาพ,Zamkněte aplikaci biometrikou
verify-identity,Please verify your identity.,Veuillez vérifier votre identité.,Verifique por favor su Identidad.,请证明你的身份。,अपनी पहचान सत्यापित करें।,يرجى التحقق من هويتك.,Por favor verifique sua identidade.,"Пожалуйста, подтвердите вашу личность.",ご身分をお確認させてください。,Bitte bestätigen Sie Ihre Identität.,사용자의 신원을 확인하시기 바랍니다.,Lütfen kimliğinizi doğrulayın.,Per Favore Verifica La Tua Identità.,Xin vui lòng xác nhận danh tính của bạn.,Proszę zweryfikuj swoją tożsamość.,Bevestig uw identiteit alstublieft.,โปรดยืนยันตัวตนของคุณ,Prosím ověřte svou identitu.
automation,Automation,Automatisation,Automatización,自动化,स्वचालन,أتمتة,Automação,Автоматизация,オートメーション,Automatisierung,오토메이션,Otomasyon,Automazione,Tự động hóa,Automatyzacja,Automatisering,ระบบอัตโนมัติ,Automatizace
auto-email-transactions,Auto Email Transactions,Transactions par e-mail automatique,Transacciones de correo electrónico automático,自动电子邮件交易,ऑटो ईमेल लेनदेन,معاملات البريد الإلكتروني التلقائي,Transações de e -mail de automóveis,Автоматические транзакции по электронной почте,自動メールトランザクション,Auto -E -Mail -Transaktionen,자동 이메일 거래,Otomatik e -posta işlemleri,Transazioni e -mail automatiche,Giao dịch email tự động,Automatyczne transakcje e -mail,Auto -e -mailtransacties,ธุรกรรมอีเมลอัตโนมัติ,Automatické e -mailové transakce
pay-subscriptions,Pay Subscriptions,Payer les abonnements,Pago de suscripciones,付款订阅,भुगतान सदस्यता,دفع الاشتراكات,Pagar assinaturas,Оплатить подписки,サブスクリプションを支払います,Abonnements bezahlen,지불 구독,Ödeme Abonelikleri,Abbonamenti a pagamento,Đăng ký trả tiền,Zapłać subskrypcje,Betaal abonnementen,จ่ายค่าสมัครสมาชิก,Předplatné platit
pay-subscriptions-description,Automatically mark a subscription as paid after the due date,Marquez automatiquement un abonnement comme payé après la date d'échéance,Marque automáticamente una suscripción como se paga después de la fecha de vencimiento,自动将订阅标记为截止日期之后的订阅,नियत तारीख के बाद भुगतान के रूप में स्वचालित रूप से एक सदस्यता को चिह्नित करें,تلقائيا وضع علامة على الاشتراك على النحو المدفوع بعد تاريخ الاستحقاق,Marque automaticamente uma assinatura paga após a data de vencimento,"Автоматически отмечать подписку, как уплачено после даты срока",期日以降に支払われたサブスクリプションを自動的にマークします,"Markieren Sie automatisch ein Abonnement, das nach dem Fälligkeitsdatum bezahlt wird",기한 이후에 지불 된대로 구독을 자동으로 표시합니다.,Son tarihten sonra ödenen bir aboneliği otomatik olarak işaretleyin,Segna automaticamente un abbonamento come pagato dopo la data di scadenza,Tự động đánh dấu một thuê bao đã được thanh toán sau ngày đáo hạn,Automatycznie zaznacz subskrypcję wypłaconą po terminie,Markeer automatisch een abonnement zoals betaald na de vervaldatum,ทำเครื่องหมายการสมัครสมาชิกโดยอัตโนมัติตามวันที่ครบกำหนด,Automaticky označte předplatné jako zaplaceno po datu splatnosti
import-csv,Import CSV File,Importer le fichier CSV,Importar archivo CSV,导入CSV文件,आयात CSV फ़ाइल,استيراد ملف CSV,Importar arquivo CSV,Импорт CSV -файл,CSVファイルをインポートします,CSV -Datei importieren,CSV 파일을 가져옵니다,CSV dosyasını içe aktarın,Importa file CSV,Nhập tệp CSV,Zaimportuj plik CSV,CSV -bestand importeren,นำเข้าไฟล์ CSV,Importovat soubor CSV
import-csv-description,Import an external CSV data source,Importer une source de données CSV externe,Importar una fuente de datos CSV externa,导入外部CSV数据源,एक बाहरी CSV डेटा स्रोत आयात करें,استيراد مصدر بيانات CSV خارجي,Importar uma fonte de dados CSV externa,Импортируйте внешний источник данных CSV,外部CSVデータソースをインポートします,Importieren Sie eine externe CSV -Datenquelle,외부 CSV 데이터 소스를 가져옵니다,Harici bir CSV veri kaynağını içe aktarın,Importa un'origine dati CSV esterna,Nhập nguồn dữ liệu CSV bên ngoài,Zaimportuj zewnętrzne źródło danych CSV,Importeer een externe CSV -gegevensbron,นำเข้าแหล่งข้อมูล CSV ภายนอก,Importovat externí zdroj dat CSV
rate-app,Rate {app},Application de taux,Calificar aplicacion,评价应用,एप्प का मूल्यांकन,قيم التطبيق,Avalie {app},Оценка {app},アプリを評価,Bewertungs App,앱 평가,Ücret #AP,Tasso {app},Đánh giá ứng dụng,Oceń aplikację,Beoordeel app,ให้คะแนนแอพ,Ohodnoťte aplikaci
rate-app-subtitle,Share your feedback with the developer to help improve {app},Partagez vos commentaires avec le développeur pour aider à améliorer {app},Comparta sus comentarios con el desarrollador para ayudar a mejorar {app},与开发人员分享您的反馈，以帮助改进{app},{app} को बेहतर बनाने में मदद करने के लिए डेवलपर के साथ अपनी प्रतिक्रिया साझा करें,شارك ملاحظاتك مع المطور للمساعدة في تحسين {app},Compartilhe seu feedback com o desenvolvedor para ajudar a melhorar {app},"Поделитесь своими отзывами с разработчиком, чтобы помочь улучшить {app}",開発者とフィードバックを共有して、{app}を改善するのに役立ちます,"Teilen Sie Ihr Feedback mit dem Entwickler, um {app} zu verbessern",{app} 향상을 위해 개발자와 의견을 공유하십시오.,{app}'yi iyileştirmeye yardımcı olmak için geri bildiriminizi geliştirici ile paylaşın,Condividi il tuo feedback con lo sviluppatore per migliorare {app},Chia sẻ phản hồi của bạn với nhà phát triển để giúp cải thiện {app},"Podziel się swoją opinią z programistą, aby ulepszyć {app}",Deel uw feedback met de ontwikkelaar om {app} te verbeteren,แบ่งปันความคิดเห็นของคุณกับนักพัฒนาเพื่อช่วยปรับปรุง {app},"Sdílejte svou zpětnou vazbu s vývojářem, abyste pomohli zlepšit {app}"
rate-app-privacy,"Only the stars, feedback and date will be shared.","Seules les étoiles, les commentaires et la date seront partagés.","Solo se compartirán las estrellas, los comentarios y la fecha.",只有星星，反馈和日期才能共享。,"केवल सितारों, प्रतिक्रिया और तारीख को साझा किया जाएगा।",سيتم مشاركة النجوم والتعليقات والتاريخ فقط.,"Somente as estrelas, o feedback e a data serão compartilhados.","Только звезды, обратная связь и дата будут переданы.",星、フィー​​ドバック、日付のみが共有されます。,"Nur die Sterne, das Feedback und das Datum werden geteilt.","별, 피드백 및 날짜 만 공유됩니다.","Yalnızca yıldızlar, geri bildirim ve tarih paylaşılacaktır.","Verranno condivisi solo le stelle, il feedback e la data.","Chỉ có các ngôi sao, phản hồi và ngày sẽ được chia sẻ.","Tylko gwiazdy, opinie i data zostaną udostępnione.","Alleen de sterren, feedback en datum worden gedeeld.",เฉพาะดาวข้อเสนอแนะและวันที่จะถูกแชร์,"Budou sdíleny pouze hvězdy, zpětná vazba a datum."
feedback,Feedback,Retour,Comentario,反馈,प्रतिक्रिया,تعليق,Opinião,Обратная связь,フィードバック,Rückmeldung,피드백,Geri bildirim,Feedback,Nhận xét,Informacja zwrotna,Feedback,ข้อเสนอแนะ,Zpětná vazba
submit,Submit,Soumettre,Entregar,提交,जमा करना,يُقدِّم,Enviar,Представлять на рассмотрение,送信,Einreichen,제출하다,Göndermek,Invia,Nộp,Składać,Indienen,ส่ง,Předložit
select-color,Select Color,Choisissez la couleur,Seleccionar el color,选择颜色,रंग चुनो,إختر لون,Selecione a cor,Выберите цвет,色を選択します,Wähle Farbe,색상을 선택하십시오,Renk seç,Seleziona il colore,Chọn màu,Wybierz kolor,Selecteer kleur,เลือกสี,Vyberte barvu
use-system-color,Use System Color,Utiliser la couleur du système,Utilice el color del sistema,使用系统颜色,सिस्टम कलर का उपयोग करें,استخدام لون النظام,Use a cor do sistema,Используйте цвет системы,システムの色を使用します,Verwenden Sie die Systemfarbe,시스템 색상을 사용하십시오,Sistem rengini kullanın,Usa il colore del sistema,Sử dụng màu hệ thống,Użyj koloru systemu,Gebruik systeemkleur,ใช้สีของระบบ,Použijte barvu systému
custom-color,Custom Color,Couleur personnalisée,Color personalizado,自定义颜色,कस्टम रंग,لون مخصص,Cor customizada,Пользовательский цвет,カスタムカラー,Freiwählbare Farbe,사용자 정의 색상,Özel renk,Colore personalizzato,Tự phối màu,Niestandardowy kolor,Aangepaste kleur,สีที่กำหนดเอง,Vlastní barva
select,Select,Sélectionner,Seleccionar,选择,चुनना,يختار,Selecione,Выбирать,選択する,Wählen,선택하다,Seçme,Selezionare,Lựa chọn,Wybierać,Uitkiezen,เลือก,Vybrat
default-category-dining,Dining,À manger,Comida,用餐,भोजन,تناول الطعام,Jantar,Столовая,ダイニング,Essen,식사,Yemek,Cenare,Ăn uống,Jadalnia,Het eten,การรับประทานอาหาร,Stolování
default-category-groceries,Groceries,Épiceries,Comestibles,杂货,किराने का सामान,البقالة,Mantimentos,Продукты,食料品,Lebensmittel,식료 잡화류,Bakkaliye,Drogheria,Cửa hàng tạp hóa,Artykuły spożywcze,Boodschappen,ร้านขายของชำ,Koloniál
default-category-shopping,Shopping,Achats,Compras,购物,खरीदारी,التسوق,Compras,Покупка,買い物,Einkaufen,쇼핑,Alışveriş,Shopping,Mua sắm,Zakupy,Winkelen,ช้อปปิ้ง,Nakupování
default-category-transit,Transit,Transit,Tránsito,运输,पारगमन,عبور,Transito,Транзит,トランジット,Transit,운송,Taşıma,Transito,Quá cảnh,Tranzyt,Doorvoer,ทางผ่าน,Tranzit
default-category-entertainment,Entertainment,Divertissement,Entretenimiento,娱乐,मनोरंजन,ترفيه,Entretenimento,Развлечение,エンターテイメント,Unterhaltung,오락,Eğlence,Divertimento,Sự giải trí,Rozrywka,Entertainment,ความบันเทิง,Zábava
default-category-bills-fees,Bills & Fees,Factures et frais,Facturas y tarifas,账单和费用,बिल और शुल्क,فواتير ورسوم,Bills e taxas,Счета и сборы,請求書と料金,Rechnungen und Gebühren,청구서 및 수수료,Faturalar ve Ücretler,Bills & Commission,Hóa đơn & Phí,Rachunki i opłaty,Rekeningen en vergoedingen,ตั๋วเงินและค่าธรรมเนียม,Účty a poplatky
default-category-gifts,Gifts,Cadeaux,Regalos,礼物,उपहार,الهدايا,Presentes,Дары,ギフト,Geschenke,선물,Hediyeler,I regali,Những món quà,Prezenty,Cadeaus,ของขวัญ,Dárkové předměty
default-category-sports,Sports,Des sports,Deportes,运动的,खेल,رياضات,Esportes,Виды спорта,スポーツ,Sport,스포츠,Spor Dalları,Gli sport,Các môn thể thao,Sporty,Sport,กีฬา,Sportovní
default-category-beauty,Beauty,Beauté,Belleza,美丽,सुंदरता,جمال,Beleza,Красота,美しさ,Schönheit,아름다움,Güzellik,Bellezza,Sắc đẹp,Uroda,Schoonheid,ความงาม,Krása
default-category-work,Work,Travail,Trabajar,工作,काम,عمل,Trabalhar,Работа,仕事,Arbeiten,일하다,İş,Lavoro,Công việc,Praca,Werk,งาน,Práce
default-category-travel,Travel,Voyage,Viajar,旅行,यात्रा,يسافر,Viagem,Путешествовать,旅行,Reisen,여행하다,Seyahat,Viaggio,Du lịch,Podróż,Reis,การท่องเที่ยว,Cestovat
past-budget-cycles,Past Budget Cycles,Cycles budgétaires passés,Ciclos presupuestarios pasados,过去的预算周期,अतीत बजट चक्र,دورات الميزانية السابقة,Ciclos de orçamento anteriores,Прошлые бюджетные циклы,過去の予算サイクル,Vergangene Haushaltszyklen,과거 예산주기,Geçmiş bütçe döngüleri,Cicli di bilancio passato,Chu kỳ ngân sách trong quá khứ,Wcześniejsze cykle budżetowe,Verleden budgetcycli,รอบงบประมาณที่ผ่านมา,Minulé rozpočtové cykly
edit-budget,Edit Budget,Modifier le budget,Editar presupuesto,编辑预算,बजट संपादित करें,تحرير الميزانية,Editar orçamento,Редактировать бюджет,予算を編集します,Budget bearbeiten,예산 편집,Bütçeyi Düzenle,Modifica budget,Chỉnh sửa ngân sách,Edytuj budżet,Budget bewerken,แก้ไขงบประมาณ,Upravit rozpočet
clear,Clear,Clair,Claro,清除,साफ़,واضح,Claro,Прозрачный,クリア,Klar,분명한,Temizlemek,Chiaro,Thông thoáng,Jasne,Duidelijk,ชัดเจน,Průhledná
done,Done,Fait,Hecho,完毕,पूर्ण,منتهي,Feito,Сделанный,終わり,Erledigt,완료,Tamamlamak,Fatto,Xong,Zrobione,Klaar,เสร็จแล้ว,Hotovo
filters,Filters,Filtres,Filtros,过滤器,फिल्टर,المرشحات,Filtros,Фильтры,フィルター,Filter,필터,Filtreler,Filtri,Bộ lọc,Filtry,Filters,ตัวกรอง,Filtry
reset,Reset,Réinitialiser,Reiniciar,重置,रीसेट,إعادة ضبط,Reiniciar,Перезагрузить,リセット,Zurücksetzen,초기화,Sıfırla,Ripristina,Cài lại,Resetowanie,Reset,รีเซ็ต,Resetovat
apply,Apply,Appliquer,Aplicar,申请,आवेदन करना,يتقدم,Aplicar,Применять,申し込み,Anwenden,적용하다,Uygula,Fare domanda a,Áp dụng,Stosować,Toepassen,นำมาใช้,Aplikovat
csv-error,There was an error importing the CSV,Il y a eu une erreur d'importation du CSV,Hubo un error importar el CSV,导入CSV存在错误,CSV आयात करने में एक त्रुटि थी,كان هناك خطأ في استيراد CSV,Houve um erro de importação do CSV,"Была ошибка, импортирующая CSV",CSVをインポートするエラーがありました,Es gab einen Fehler beim Importieren des CSV,CSV를 가져 오는 오류가 발생했습니다,CSV'yi içe aktaran bir hata vardı,Si è verificato un errore di importare il CSV,Có một lỗi khi nhập CSV,Wystąpił błąd importowania CSV,Er was een foutmelding die de CSV importeerde,มีข้อผิดพลาดในการนำเข้า CSV,Došlo k importu chyby CSV
no-file-selected,No file selected,Aucun fichier sélectionné,Ningún archivo seleccionado,未选择文件,कोई फ़ाइल चयनित नहीं,لم يتم اختيار اي ملف,Nenhum arquivo selecionado,Файл не выбран,ファイルが選択されていません,Keine Datei ausgewählt,파일이 선택되지 않았습니다,Dosya seçilmedi,Nessun file selezionato,Không có tập tin được chọn,Nie wybrano pliku,Geen bestand geselecteerd,ไม่มีการเลือกไฟล์,Žádný soubor nevybrán
ok,OK,OK,OK,OK,OK,OK,OK,OK,OK,OK,OK,OK,OK,OK,OK,OK,OK,OK
info,Info,Info,Información,信息,जानकारी,معلومات,Informações,Информация,情報,Die Info,정보,Bilgi,Informazioni,Thông tin,Informacje,Info,ข้อมูล,Informace
exchange-rate-notice,Exchange Rate Notice,Avis de taux de change,Aviso de tipo de cambio,汇率通知,विनिमय दर सूचना,إشعار سعر الصرف,Aviso de taxa de câmbio,Уведомление об обменном курсе,為替レート通知,Wechselkursbekanntmachung,환율 통지,Döviz kuru bildirimi,Avviso di cambio,Thông báo tỷ giá hối đoái,Zawiadomienie o kursie walutowym,Wisselkoersbericht,ประกาศอัตราแลกเปลี่ยน,Oznámení směnného kurzu
exchange-rate-notice-description,"The exchange rates displayed within this app are for informational purposes only and should not be used for investment decisions. These rates are estimates and may not reflect actual rates. By using this app, you acknowledge that you understand and accept these limitations and that you assume full responsibility for any decisions made based on the information provided within the app.","Les taux de change affichés dans cette application sont à des fins d'information uniquement et ne doivent pas être utilisés pour les décisions d'investissement. Ces taux sont des estimations et peuvent ne pas refléter les taux réels. En utilisant cette application, vous reconnaissez que vous comprenez et acceptez ces limitations et que vous assumez l'entière responsabilité de toutes les décisions prises en fonction des informations fournies dans l'application.","Los tipos de cambio que se muestran dentro de esta aplicación son solo para fines informativos y no deben usarse para las decisiones de inversión. Estas tasas son estimaciones y pueden no reflejar las tasas reales. Al usar esta aplicación, usted reconoce que comprende y acepta estas limitaciones y que asume la responsabilidad total de cualquier decisión tomada en función de la información proporcionada dentro de la aplicación.",此应用程序中显示的汇率仅用于信息目的，不应用于投资决策。这些费率是估计值，可能不会反映实际利率。通过使用此应用程序，您确认您了解并接受这些限制，并且您对基于应用程序中提供的信息做出的任何决定承担全部责任。,"इस ऐप के भीतर प्रदर्शित विनिमय दरें केवल सूचनात्मक उद्देश्यों के लिए हैं और इसका उपयोग निवेश निर्णयों के लिए नहीं किया जाना चाहिए। ये दरें अनुमान हैं और वास्तविक दरों को प्रतिबिंबित नहीं कर सकती हैं। इस ऐप का उपयोग करके, आप स्वीकार करते हैं कि आप इन सीमाओं को समझते हैं और स्वीकार करते हैं और आप ऐप के भीतर प्रदान की गई जानकारी के आधार पर किए गए किसी भी निर्णय के लिए पूरी जिम्मेदारी लेते हैं।",أسعار الصرف المعروضة في هذا التطبيق هي لأغراض إعلامية فقط ولا ينبغي استخدامها لقرارات الاستثمار. هذه المعدلات هي تقديرات وقد لا تعكس المعدلات الفعلية. باستخدام هذا التطبيق ، فإنك تقر بأنك تفهم هذه القيود وتقبلها وأنك تتحمل المسؤولية الكاملة عن أي قرارات تتخذ بناءً على المعلومات المقدمة في التطبيق.,"As taxas de câmbio exibidas neste aplicativo são apenas para fins informativos e não devem ser usados ​​para decisões de investimento. Essas taxas são estimativas e podem não refletir taxas reais. Ao usar este aplicativo, você reconhece que entende e aceita essas limitações e assume total responsabilidade por quaisquer decisões tomadas com base nas informações fornecidas no aplicativo.","Обменные курсы, отображаемые в этом приложении, представляются только для информационных целей и не должны использоваться для инвестиционных решений. Эти ставки являются оценками и могут не отражать фактические ставки. Используя это приложение, вы признаете, что понимаете и принимаете эти ограничения и что вы несете полную ответственность за любые решения, принятые на основе информации, предоставленной в приложении.",このアプリに表示される為替レートは、情報提供のみを目的としており、投資決定には使用すべきではありません。これらのレートは推定値であり、実際のレートを反映していない場合があります。このアプリを使用することにより、これらの制限を理解し、受け入れること、およびアプリ内で提供される情報に基づいて行われた決定に対して完全な責任を負うことを認めます。,"Die in dieser App angezeigten Wechselkurse dienen nur zu Informationszwecken und sollten nicht für Investitionsentscheidungen verwendet werden. Diese Raten sind Schätzungen und spiegeln möglicherweise nicht die tatsächlichen Zinsen wider. Durch die Verwendung dieser App erkennen Sie an, dass Sie diese Einschränkungen verstehen und akzeptieren und dass Sie die volle Verantwortung für alle Entscheidungen übernehmen, die auf den in der App bereitgestellten Informationen getroffen werden.",이 앱 내에 표시되는 환율은 정보 제공 목적으로 만 사용되며 투자 결정에 사용해서는 안됩니다. 이 요금은 추정치이며 실제 요금을 반영하지 않을 수 있습니다. 이 앱을 사용함으로써 귀하는 이러한 제한 사항을 이해하고 수락하며 앱 내에서 제공된 정보를 기반으로 한 모든 결정에 대해 전폭적 인 책임을집니다.,"Bu uygulama içinde gösterilen döviz kurları yalnızca bilgi amaçlıdır ve yatırım kararları için kullanılmamalıdır. Bu oranlar tahminlerdir ve gerçek oranları yansıtmayabilir. Bu uygulamayı kullanarak, bu sınırlamaları anladığınızı ve kabul ettiğinizi ve uygulama içinde verilen bilgilere dayanarak alınan kararlar için tam sorumluluk üstlendiğinizi kabul edersiniz.","I tassi di cambio visualizzati all'interno di questa app sono solo a scopo informativo e non devono essere utilizzati per le decisioni di investimento. Queste tariffe sono stime e potrebbero non riflettere i tassi effettivi. Utilizzando questa app, riconosci di comprendere e accettare queste limitazioni e di assumerti la piena responsabilità per eventuali decisioni prese in base alle informazioni fornite all'interno dell'app.","Tỷ giá hối đoái được hiển thị trong ứng dụng này chỉ nhằm mục đích thông tin và không nên được sử dụng cho các quyết định đầu tư. Những tỷ lệ này là ước tính và có thể không phản ánh tỷ lệ thực tế. Bằng cách sử dụng ứng dụng này, bạn thừa nhận rằng bạn hiểu và chấp nhận những hạn chế này và bạn chịu trách nhiệm đầy đủ cho bất kỳ quyết định nào được đưa ra dựa trên thông tin được cung cấp trong ứng dụng.","Kursy wymiany wyświetlane w tej aplikacji służą wyłącznie celom informacyjnym i nie powinny być wykorzystywane do decyzji inwestycyjnych. Stawki te są szacunkami i mogą nie odzwierciedlać faktycznych stawek. Korzystając z tej aplikacji, potwierdzasz, że rozumiesz i akceptujesz te ograniczenia oraz że przyjmujesz pełną odpowiedzialność za wszelkie decyzje podjęte na podstawie informacji podanych w aplikacji.","De wisselkoersen die binnen deze app worden weergegeven, zijn alleen voor informatieve doeleinden en mogen niet worden gebruikt voor investeringsbeslissingen. Deze tarieven zijn schattingen en weerspiegelen mogelijk niet de werkelijke tarieven. Door deze app te gebruiken, erkent u dat u deze beperkingen begrijpt en accepteert en dat u de volledige verantwoordelijkheid op zich neemt voor alle beslissingen die zijn genomen op basis van de informatie die binnen de app is verstrekt.",อัตราแลกเปลี่ยนที่แสดงภายในแอพนี้มีวัตถุประสงค์เพื่อให้ข้อมูลเท่านั้นและไม่ควรใช้สำหรับการตัดสินใจลงทุน อัตราเหล่านี้เป็นการประมาณการและอาจไม่สะท้อนอัตราจริง โดยการใช้แอพนี้คุณรับทราบว่าคุณเข้าใจและยอมรับข้อ จำกัด เหล่านี้และคุณรับผิดชอบอย่างเต็มที่สำหรับการตัดสินใจใด ๆ ตามข้อมูลที่ให้ไว้ในแอพ,"Směnné kurzy zobrazené v této aplikaci jsou pouze pro informační účely a neměly by být používány pro investiční rozhodnutí. Tyto sazby jsou odhady a nemusí odrážet skutečné sazby. Používáním této aplikace berete na vědomí, že tyto omezení rozumíte a přijímáte a že přebíráte plnou odpovědnost za všechna rozhodnutí učiněná na základě informací uvedených v aplikaci."
search-placeholder,Search...,Recherche...,Buscar...,搜索...,खोज...,يبحث...,Procurar...,Поиск...,検索...,Suchen...,찾다...,Aramak...,Ricerca...,Tìm kiếm...,Szukaj...,Zoekopdracht...,ค้นหา...,Vyhledávání...
search-wallets-placeholder,Search wallets...,Portefeuilles de recherche ...,Billeteras de búsqueda ...,搜索钱包...,खोज बटुए ...,محافظ البحث ...,Carteiras de pesquisa ...,Поиск кошельков ...,ウォレットを検索...,Suchbrieftaschen ...,검색 지갑 ...,Arama Cüzdanları ...,Portafogli di ricerca ...,Ví tìm kiếm ...,Wyszukaj portfele ...,Zoek wallets ...,ค้นหากระเป๋าเงิน ...,Hledat peněženky ...
search-budgets-placeholder,Search budgets...,Budgets de recherche ...,Presupuestos de búsqueda ...,搜索预算...,खोज बजट ...,ميزانيات البحث ...,Orçamentos de pesquisa ...,Поисковые бюджеты ...,予算を検索...,Suchbudgets ...,검색 예산 ...,Arama bütçeleri ...,Cerca budget ...,Ngân sách tìm kiếm ...,Wyszukaj budżety ...,Zoekbudgetten ...,งบประมาณค้นหา ...,Hledat rozpočty ...
search-categories-placeholder,Search categories...,Catégories de recherche ...,Categorías de búsqueda ...,搜索类别...,खोज श्रेणियां ...,فئات البحث ...,Categorias de pesquisa ...,Категории поиска ...,検索カテゴリ...,Suchkategorien ...,검색 범주 ...,Arama kategorileri ...,Categorie di ricerca ...,Danh mục tìm kiếm ...,Wyszukaj kategorie ...,Zoekcategorieën ...,ค้นหาหมวดหมู่ ...,Kategorie hledání ...
search-titles-placeholder,Search titles...,Titres de recherche ...,Títulos de búsqueda ...,搜索标题...,खोज शीर्षक ...,عناوين البحث ...,Títulos de pesquisa ...,Здания поиска ...,タイトルを検索...,Suchtitel ...,검색 제목 ...,Arama başlıkları ...,Titoli di ricerca ...,Tiêu đề tìm kiếm ...,Wyszukaj tytuły ...,Zoek titels ...,ค้นหาชื่อ ...,Vyhledávací tituly ...
search-transactions,Search Transactions,Transactions de recherche,Transacciones de búsqueda,搜索交易,खोज लेनदेन,معاملات البحث,Transações de pesquisa,Поисковые транзакции,トランザクションを検索します,Suchtransaktionen,검색 거래,Arama işlemleri,Transazioni di ricerca,Tìm kiếm giao dịch,Wyszukaj transakcje,Zoektransacties,การค้นหาธุรกรรม,Vyhledávací transakce
search,Search,Recherche,Buscar,搜索,खोज,يبحث,Procurar,Поиск,検索,Suchen,찾다,Aramak,Ricerca,Tìm kiếm,Szukaj,Zoekopdracht,ค้นหา,Vyhledávání
search-currencies-placeholder,Search currencies...,Recherche de devises ...,Buscar monedas ...,搜索货币...,खोज मुद्राएं ...,بحث العملات ...,Pesquisar moedas ...,Поиск валют ...,通貨を検索...,Suchwährungen ...,검색 통화 ...,Arama Para Birimleri ...,Valute di ricerca ...,Tiền tệ tìm kiếm ...,Wyszukaj waluty ...,Zoek valuta ...,ค้นหาสกุลเงิน ...,Hledat měny ...
ask-for-transaction-title,Ask for Transaction Title,Demandez le titre de transaction,Solicitar el título de la transacción,要求交易标题,लेनदेन शीर्षक के लिए पूछें,اطلب عنوان المعاملة,Peça título de transação,Попросить название транзакции,トランザクションタイトルを求めてください,Fragen Sie nach dem Transaktionstitel,거래 제목을 요청하십시오,İşlem başlığı isteyin,Chiedi il titolo di transazione,Yêu cầu tiêu đề giao dịch,Poproś o tytuł transakcji,Vraag om transactietitel,ขอชื่อธุรกรรม,Požádejte o název transakce
ask-for-transaction-title-description,When adding a transaction,Lors de l'ajout d'une transaction,Al agregar una transacción,添加交易时,लेन -देन जोड़ते समय,عند إضافة معاملة,Ao adicionar uma transação,При добавлении транзакции,トランザクションを追加するとき,Beim Hinzufügen einer Transaktion,거래를 추가 할 때,Bir işlem eklerken,Quando si aggiunge una transazione,Khi thêm một giao dịch,Podczas dodawania transakcji,Bij het toevoegen van een transactie,เมื่อเพิ่มธุรกรรม,Při přidání transakce
auto-add-titles,Automatically Add Titles,Ajouter automatiquement des titres,Agregar títulos automáticamente,自动添加标题,स्वचालित रूप से शीर्षक जोड़ें,إضافة العناوين تلقائيا,Adicione automaticamente títulos,Автоматически добавлять заголовки,タイトルを自動的に追加します,Fügen Sie automatisch Titel hinzu,제목을 자동으로 추가합니다,Otomatik olarak başlık ekleyin,Aggiungi automaticamente titoli,Tự động thêm tiêu đề,Automatycznie dodaj tytuły,Voeg automatisch titels toe,เพิ่มชื่อโดยอัตโนมัติ,Automaticky přidejte tituly
auto-add-titles-description,When a transaction is created,Lorsqu'une transaction est créée,Cuando se crea una transacción,创建交易时,जब कोई लेनदेन बनाया जाता है,عند إنشاء معاملة,Quando uma transação é criada,Когда создается транзакция,トランザクションが作成されたとき,Wenn eine Transaktion erstellt wird,거래가 생성 된 경우,Bir işlem oluşturulduğunda,Quando viene creata una transazione,Khi một giao dịch được tạo,Po tworzeniu transakcji,Wanneer een transactie wordt gemaakt,เมื่อมีการสร้างธุรกรรม,Když je vytvořena transakce
select-categories,Select Categories,Sélectionnez les catégories,Seleccionar categorías,选择类别,श्रेणियों का चयन करें,اختيار الفئات,Selecione categorias,Выберите категории,カテゴリを選択します,Kategorien auswählen,카테고리를 선택하십시오,Kategoriler seçin,Seleziona categorie,Chọn danh mục,Wybierz kategorie,Selecteer categorieën,เลือกหมวดหมู่,Vyberte kategorie
transaction-filters,Transaction Filters,Filtres de transaction,Filtros de transacción,交易过滤器,लेन -देन फ़िल्टर,مرشحات المعاملات,Filtros de transação,Транзакционные фильтры,トランザクションフィルター,Transaktionsfilter,트랜잭션 필터,İşlem filtreleri,Filtri delle transazioni,Bộ lọc giao dịch,Filtry transakcyjne,Transactiefilters,ตัวกรองธุรกรรม,Filtry transakcí
category-spending-goals,Category Spending Goals,Catégories d'objectifs de dépenses,Objetivos de gasto de categoría,类别支出目标,श्रेणी व्यय लक्ष्य,فئة الأهداف الإنفاق,Metas de gastos com categoria,Категория тратит цели,カテゴリの支出目標,Kategorieausgabenziele,범주 지출 목표,Kategori harcama hedefleri,Obiettivi di spesa della categoria,Mục tiêu chi tiêu thể loại,Cele wydatków kategorii,Categorie -uitgavendoelen,หมวดหมู่เป้าหมายการใช้จ่าย,Cíle pro výdaje kategorie
saving-tracking,You should save {amount} for {days} more days.,Vous devez enregistrer {amount} pour {days} plus de jours.,Debe guardar {amount} para {days} más días.,您应该将{amount}保存为{days}更多天。,आपको {amount} को {days} अधिक दिनों के लिए सहेजना चाहिए।,يجب عليك حفظ {amount} لـ {days} أيام أخرى.,Você deve salvar {amount} para {days} mais dias.,Вы должны сохранить {amount} для {days} больше дней.,{amount}を{days}に保存する必要があります。,Sie sollten {amount} für {days} mehr Tage speichern.,{amount}을 {days} 더 많은 날에 저장해야합니다.,{days} için {amount} 'i daha fazla gün kaydetmelisiniz.,Dovresti salvare {amount} per {days} altri giorni.,Bạn nên lưu {amount} cho {days} nhiều ngày hơn.,Powinieneś zapisać {amount} dla {days} więcej dni.,U moet {amount} opslaan voor {days} meer dagen.,คุณควรบันทึก {amount} สำหรับ {days} วันเพิ่มเติม,Měli byste uložit {amount} pro {days} více dní.
spending-tracking,You can keep spending {amount} for days} more days.,Vous pouvez continuer à dépenser {amount} pour {days} plus de jours.,Puede seguir gastando {amount} para {days} más días.,您可以继续支出{amount} {days}更多天。,आप {days} अधिक दिनों के लिए {amount} खर्च कर सकते हैं।,يمكنك الاستمرار في إنفاق {amount} لأيام {days}.,Você pode continuar gastando {amount} para {days} mais dias.,Вы можете продолжать расходы {amount} на {days} больше дней.,{amount}を{days}より多くの日に支出し続けることができます。,Sie können weiterhin {amount} für {days} mehr Tage ausgeben.,{days} 더 많은 날에 {amount}를 계속 지출 할 수 있습니다.,{days} için {amount} harcamalarına daha fazla gün kalabilirsiniz.,Puoi continuare a spendere {amount} per {days} altri giorni.,Bạn có thể tiếp tục chi tiêu {amount} cho {days} nhiều ngày hơn.,Możesz nadal wydawać {amount} na {days} więcej dni.,U kunt meer dagen blijven uitgeven {amount} voor {days}.,คุณสามารถใช้จ่ายต่อไป {amount} สำหรับ {days} วันเพิ่มเติม,Můžete neustále utrácet {amount} na {days} více dní.
percent-of-spending,{percent} of spending,{percent} de dépenses,{percent} de gasto,{percent} 支出,{percent} खर्च करना,من الإنفاق{percent} ,{percent} de gastos,{percent} расходов,{percent} 支出の,{percent} Ausgaben,{percent} 지출의,{percent} harcama,{percent} di spesa,{percent} chi tiêu,{percent} wydatków,{percent} van uitgaven,{percent} ของการใช้จ่าย,{percent} výdajů
percent-of-income,{percent} of income,{percent} de revenu,{percent} de ingresos,{percent} 收入,{percent} आय का,من الدخل{percent} ,{percent} de salário,{percent} дохода,{percent} 収入の,{percent} des Einkommens,{percent} 소득의,{percent} gelir,{percent} di reddito,{percent} thu nhập,{percent} dochodów,{percent} van het inkomen,{percent} รายได้,{percent} příjmů
percent-of-expense,{percent} of expense,{percent} de dépenses,{percent} de gasto,{percent} 费用,{percent} खर्च का,من النفقات{percent} ,{percent} de despesa,{percent} расходов,{percent} 費用の,{percent} von Kosten,{percent} 비용의,{percent} masraf,{percent} di spesa,{percent} chi phí,{percent} wydatkowy,{percent} van kosten,{percent} ของค่าใช้จ่าย,{percent} výdajů
select-currency,Select Currency,Sélectionnez la devise,Seleccione el tipo de moneda,选择货币,मुद्रा चुनें,اختر العملة,Escolha a moeda,Выберите валюту,通貨を選択します,Währung wählen,통화를 선택하십시오,Para birimini seçin,Seleziona valuta,Chọn tiền tệ,Wybierz walutę,selecteer valuta,เลือกสกุลเงิน,Vyberte měnu
categories,Categories,Catégories,Categorías,类别,श्रेणियाँ,فئات,Categorias,Категории,カテゴリ,Kategorien,카테고리,Kategoriler,Categorie,Thể loại,Kategorie,Categorieën,หมวดหมู่,Kategorie
titles,Titles,Titres,Títulos,标题,टाइटल,الألقاب,Títulos,Названия,タイトル,Titel,제목,Başlıklar,Titoli,Tiêu đề,Tytuły,Titels,ชื่อเรื่อง,Tituly
edit-home,Edit Home,Modifier la maison,Editar casa,编辑家,घर संपादित करें,تحرير المنزل,Edite em casa,Редактировать дом,家を編集します,Home bearbeiten,집을 편집하십시오,Evde Düzenle,Modifica casa,Chỉnh sửa về nhà,Edytuj dom,Bewerk huis,แก้ไขบ้าน,Upravit domů
overdue-and-upcoming,Overdue and Upcoming,En retard et à venir,Vencido y próxima,逾期和即将到来,अतिदेय और आगामी,تأخرت وقادمة,Atrasado e próximo,Просрочен и предстоящий,期限切れと今後,Überfällig und bevorstehend,기한과 다가오는,Gecikmiş ve yaklaşan,In ritardo e imminente,Quá hạn và sắp tới,Zbliżone i nadchodzące,Achterstallig en aankomend,เกินกำหนดและกำลังจะมาถึง,Splatnosti a nadcházející
lent-and-borrowed,Lent and Borrowed,Prêté et emprunté,Prestado y prestado,借出并借了,लेंट और उधार लिया हुआ,قترض واستعارة,Emprestado e emprestado,Великий пост и заимствован,貸し出しと借りました,Geliehen und geliehen,빌려주고 빌렸다,Ödünç ve ödünç alınmış,Prestato e preso in prestito,Cho mượn và mượn,Pożyczył i pożyczył,Lent en geleend,เข้าพรรษาและยืม,Půjčoval a půjčil si
all-spending-income-and-expenses,All Spending Income and Expenses,Tous les revenus et dépenses de dépenses,Todos los ingresos y gastos de gastos,所有支出收入和费用,सभी आय और व्यय खर्च,جميع دخل الإنفاق والنفقات,Todas as receitas e despesas de gastos,Все расходы доходов и расходов,すべての支出収入と費用,Alle Ausgabenerträge und Ausgaben,모든 지출 수입 및 비용,Tüm harcama gelirleri ve giderleri,Tutte le entrate e le spese di spesa,Tất cả thu nhập và chi phí chi tiêu,Wszystkie wydatki i wydatki,Alle uitgaven inkomsten en uitgaven,รายได้และค่าใช้จ่ายทั้งหมด,Všechny výdajové příjmy a výdaje
spending-graph,Spending Graph,Graphique de dépenses,Gráfico de gastos,支出图,खर्च ग्राफ,إنفاق الرسم البياني,Gráfico de gastos,График расходов,支出グラフ,Ausgabendiagramm,지출 그래프,Harcama grafiği,Grafico di spesa,Đồ thị chi tiêu,Wykres wydatków,Uitgavengrafiek,กราฟการใช้จ่าย,Utrácení grafu
select-budget,Select Budget,Sélectionner le budget,Presupuesto seleccionado,选择预算,बजट का चयन करें,حدد الميزانية,Selecione Orçamento,Выберите бюджет,予算を選択します,Budget auswählen,예산을 선택하십시오,Bütçeyi seçin,Seleziona budget,Chọn ngân sách,Wybierz budżet,Selecteer budget,เลือกงบประมาณ,Vyberte rozpočet
select-budgets,Select Budgets,Sélectionner les budgets,Seleccionar presupuestos,选择预算,बजट का चयन करें,حدد الميزانيات,Selecione orçamentos,Выберите бюджеты,予算を選択します,Budgets auswählen,예산을 선택하십시오,Bütçeleri Seçin,Seleziona budget,Chọn ngân sách,Wybierz budżety,Selecteer budgetten,เลือกงบประมาณ,Vyberte rozpočty
total-spent,Total Spent,Total dépensé,Total gastado,总支出,कुल खर्च किया,إجمال الصرف,Total gasto,Всего потрачено,合計,Gesamtausgaben,총 소비,Toplam harcama,Spesa totale,Tổng đã dành,Całkowite wydatki,Totaal uitgegeven,ใช้จ่ายทั้งหมด,Celkem utracené
total-spent-description-1,Showing total spent,Montrant le total dépensé,Mostrando un total gastado,显示全部花费,कुल खर्च दिखा रहा है,إظهار إجمالي الإنفاق,Mostrando total gasto,Показывая общее потраченное,総費用を示しています,Total verbracht zeigen,소비 된 총을 보여줍니다,Toplam harcanan,Mostrando totale speso,Hiển thị tổng số chi tiêu,Pokazanie całkowitego wydanego,Toont het totaal besteed,แสดงการใช้จ่ายทั้งหมด,Zobrazení celkového utraceného
total-spent-description-2,Showing remaining amount,Montrant le montant restant,Mostrando la cantidad restante,显示剩余的金额,शेष राशि दिखा रहा है,تظهر المبلغ المتبقي,Mostrando o valor restante,Показывая оставшуюся сумму,残りの量を示します,Den verbleibenden Betrag zeigen,나머지 금액을 보여줍니다,Kalan miktarı gösteriyor,Mostrando un importo rimanente,Hiển thị số tiền còn lại,Pokazanie pozostałej kwoty,Het resterende bedrag weergeven,แสดงจำนวนเงินที่เหลืออยู่,Ukazuje zbývající částku
default-line-graph,Default (30 days),Par défaut (30 jours),Predeterminado (30 días),默认（30天）,डिफ़ॉल्ट (30 दिन),الافتراضي (30 يومًا),Padrão (30 dias),По умолчанию (30 дней),デフォルト（30日）,Standard (30 Tage),기본값 (30 일),Varsayılan (30 gün),Predefinito (30 giorni),Mặc định (30 ngày),Domyślnie (30 dni),Standaard (30 dagen),ค่าเริ่มต้น (30 วัน),Výchozí (30 dní)
select-category,Select Category,Choisir une catégorie,selecciona una categoría,选择类别,श्रेणी चुनना,اختر الفئة,Selecione a Categoria,выберите категорию,カテゴリを選んでください,Kategorie wählen,카테고리를 선택하십시오,Kategori seç,Seleziona categoria,Chọn danh mục,Wybierz kategorię,selecteer categorie,เลือกประเภท,Vyberte kategorii
enter-title,Enter Title,Entrer le titre,Ingrese el título,输入标题,शीर्षक दर्ज करें,أدخل العنوان,Insira o título,Введите заголовок,タイトルを入力します,Titel eingeben,제목을 입력하십시오,Başlığı girin,Inserisci il titolo,Nhập tiêu đề,Wprowadź tytuł,Voer de titel in,ป้อนชื่อ,Zadejte název
associated-titles,Associated Titles,Titres associés,Títulos asociados,相关标题,संबद्ध शीर्षक,العناوين المرتبطة,Títulos associados,Связанные названия,関連するタイトル,Verbundene Titel,관련 타이틀,İlişkili başlıklar,Titoli associati,Tiêu đề liên kết,Powiązane tytuły,Bijbehorende titels,ชื่อที่เกี่ยวข้อง,Přidružené tituly
associated-titles-description,"If a transaction title contains any of the phrases listed, it will be added to this category","Si un titre de transaction contient l'une des phrases énumérées, elle sera ajoutée à cette catégorie","Si un título de transacción contiene alguna de las frases enumeradas, se agregará a esta categoría",如果交易标题包含列出的任何短语，则将添加到此类别中,"यदि लेनदेन शीर्षक में सूचीबद्ध कोई भी वाक्यांश है, तो इसे इस श्रेणी में जोड़ा जाएगा",إذا كان عنوان المعاملة يحتوي على أي من العبارات المدرجة ، فسيتم إضافته إلى هذه الفئة,"Se um título de transação contiver alguma das frases listadas, ele será adicionado a esta categoria","Если заголовок транзакции содержит какую -либо из перечисленных фраз, он будет добавлен в эту категорию",トランザクションタイトルにリストされているフレーズのいずれかが含まれている場合、このカテゴリに追加されます,"Wenn ein Transaktionstitel eine der aufgelisteten Phrasen enthält, wird er dieser Kategorie hinzugefügt",트랜잭션 제목에 나열된 문구가 포함되어 있으면이 범주에 추가됩니다.,"Bir işlem başlığı listelenen ifadelerden herhangi birini içeriyorsa, bu kategoriye eklenecektir","Se un titolo di transazione contiene una delle frasi elencate, verrà aggiunto a questa categoria","Nếu một tiêu đề giao dịch chứa bất kỳ cụm từ nào được liệt kê, nó sẽ được thêm vào danh mục này","Jeśli tytuł transakcji zawiera którekolwiek z wymienionych wyrażeń, zostanie dodany do tej kategorii","Als een transactietitel een van de vermelde zinnen bevat, wordt deze aan deze categorie toegevoegd",หากชื่อธุรกรรมมีวลีใด ๆ ที่ระบุไว้จะถูกเพิ่มลงในหมวดหมู่นี้,"Pokud název transakce obsahuje některou z uvedených frází, bude do této kategorie přidán"
enter-amount,Enter Amount,Entrer le montant,Ingresar la cantidad,输入金额,राशि डालें,أدخل المبلغ,Insira o valor,Введите сумму,金額を入力します,Menge eingeben,금액을 입력하세요,Miktarı girin,Inserire l'importo,Nhập số tiền,Wprowadź ilość,Voer een bedrag in,ใส่จำนวนเงิน,Vložit sumu
set-amount,Set Amount,Quantité définie,Fijar cantidad,设定金额,रकम तय करें,حدد كمية,Quantidade definida,Установить сумму,設定金額,Bestimme die Menge,금액 설정,Tutar,Importo impostato,Đặt số tiền,Ustal kwotę,Vast bedrag,กำหนดจำนวนเงิน,Nastavit částku
pay,Pay,Payer,Pagar,支付,भुगतान करना,يدفع,Pagar,Платить,支払い,Zahlen,지불하다,Ödemek,Paga,Chi trả,Płacić,Betalen,จ่าย,Platit
pay-description,Add payment on this transaction?,Ajouter un paiement sur cette transaction?,¿Agregar pago en esta transacción?,在此交易中添加付款？,इस लेनदेन पर भुगतान जोड़ें?,أضف الدفع على هذه الصفقة؟,Adicionar pagamento nesta transação?,Добавить платеж в эту транзакцию?,このトランザクションに支払いを追加しますか？,Zahlung für diese Transaktion hinzufügen?,이 거래에 지불을 추가 하시겠습니까?,Bu işleme ödeme ekleyin?,Aggiungi pagamento su questa transazione?,Thêm thanh toán cho giao dịch này?,Dodać płatność w tej transakcji?,Betaling toevoegen aan deze transactie?,เพิ่มการชำระเงินในธุรกรรมนี้?,Přidat platbu za tuto transakci?
cancel,Cancel,Annuler,Cancelar,取消,रद्द करना,يلغي,Cancelar,Отмена,キャンセル,Stornieren,취소,İptal etmek,Annulla,Hủy bỏ,Anulować,Annuleren,ยกเลิก,zrušení
skip,Skip,Sauter,Saltar,跳过,छोडना,يتخطى,Pular,Пропускать,スキップ,Überspringen,건너뛰다,Atlamak,Saltare,Nhảy,Pominąć,Overslaan,ข้าม,Přeskočit
deposit,Deposit,Dépôt,Depósito,订金,जमा,إيداع,Depósito,Депозитный,デポジット,Kaution,보증금,Depozito,Depositare,Tiền gửi,Depozyt,Borg,เงินฝาก,Vklad
deposited,Deposited,Déposé,Depositado,沉积,जमा किया,مودعة,Depositado,Депонированный,堆積,Deponiert,예금,Yatırıldı,Depositato,Gửi,Zdeponowane,Afgezet,ฝาก,Uloženo
deposit-description,Deposit this amount?,Déposer ce montant?,Depositar esta cantidad?,存入这个金额？,इस राशि को जमा करें?,إيداع هذا المبلغ؟,Depositar esse valor?,Внести эту сумму?,この金額を預けますか？,Diesen Betrag bezahlen?,이 금액을 입금 하시겠습니까?,Bu miktarı mı yatır?,Depositare questo importo?,Gửi số tiền này?,Zdeponować tę kwotę?,Dit bedrag storten?,ฝากเงินจำนวนนี้?,Vložte tuto částku?
collect,Collect,Collecter,Recolectar,收集,इकट्ठा करना,يجمع,Coletar,Собирать,収集,Sammeln,모으다,TOPLAMAK,Raccogliere,Sưu tầm,Zbierać,Verzamelen,เก็บรวบรวม,Sbírat
collect-description,Have you collected amount you lent?,Avez-vous collecté le montant que vous avez prêté?,¿Has recaudado la cantidad que prestaste?,您收集了借出的金额吗？,क्या आपने राशि एकत्र की है?,هل جمعت المبلغ الذي قدمته؟,Você coletou o valor que emprestou?,"Вы собрали сумму, которую вы одолжили?",貸し出した金額を集めましたか？,"Haben Sie eine Menge gesammelt, die Sie verliehen haben?",빌린 금액을 징수 했습니까?,Ödünç aldığınız miktarı topladınız mı?,Hai raccolto l'importo che hai prestato?,Bạn đã thu được số tiền bạn cho mượn chưa?,"Czy zebrałeś kwotę, którą pożyczyłeś?",Heeft u het bedrag verzameld dat u hebt geleend?,คุณรวบรวมจำนวนเงินที่คุณเข้าพรรษาหรือไม่?,"Shromáždili jste částku, kterou jste půjčovali?"
collected,Collected,Collecté,Recogido,集,एकत्र किया हुआ,تم جمعها,Coletado,Собрано,集めました,Gesammelt,모은,Toplanmış,Raccolto,Thu thập,Zebrane,Verzameld,ที่เก็บรวบรวมได้,Shromážděno
settled,Settled,Installé,Establecido,定居,बसे हुए,تسوية,Assentou,Урегулировано,落ち着いた,Niedergelassen,안정된,Yerleşmiş,Sistemato,Định cư,Zadomowiony,Geregeld,ถูกตัดสิน,Usadil se
settle-description,Have you paid and settled your debt?,Avez-vous payé et réglé votre dette?,¿Ha pagado y liquidado su deuda?,您是否付款并偿还了债务？,क्या आपने अपना कर्ज चुकाया है और निपटाया है?,هل دفعت وحسمت ديونك؟,Você pagou e liquidou sua dívida?,Вы заплатили и урегулировали свой долг?,あなたはあなたの借金を支払い、解決しましたか？,Haben Sie Ihre Schulden bezahlt und abgeschlossen?,부채를 지불하고 해결 했습니까?,Borcunuzu ödediniz ve çözdünüz mü?,Hai pagato e risolto il tuo debito?,Bạn đã trả và giải quyết nợ của mình chưa?,Czy zapłaciłeś i rozstrzygnąłeś swój dług?,Heeft u uw schuld betaald en geregeld?,คุณจ่ายและชำระหนี้ของคุณหรือไม่?,Zaplatili jste a vypořádali svůj dluh?
settle,Settle,Régler,Asentarse,定居,निपटारा करना,يستقر,Resolver,Решить,解決,Siedeln,해결하다,Yerleşmek,Fissare,Ổn định,Rozstrzygnąć,Schikken,ชำระ,Usadit
remove-skip,Remove Skip,Retirer Skip,Retirar el omoto,取出跳过,छोड़ देना,إزالة تخطي,Remova o pular,Удалить пропуск,スキップを削除します,Skip entfernen,건너 뛰기를 제거하십시오,Skip'i Kaldır,Rimuovere il salto,Xóa bỏ qua,Usuń pomiń,Verwijder Skip,ลบข้าม,Odstraňte přeskočení
remove-skip-description,Remove the skipped payment on this transaction?,Supprimer le paiement sauté sur cette transaction?,¿Eliminar el pago omitido en esta transacción?,删除此交易中的跳过付款？,इस लेनदेन पर छोड़ दिया भुगतान निकालें?,إزالة الدفع المتخطي على هذه الصفقة؟,Remover o pagamento pulado nesta transação?,Удалить пропущенный платеж по этой транзакции?,このトランザクションでスキップされた支払いを削除しますか？,Entfernen Sie die übersprungene Zahlung für diese Transaktion?,이 거래에서 건너 뛰는 결제를 제거 하시겠습니까?,Bu işlemde atlanan ödemeyi kaldırın mı?,Rimuovere il pagamento saltato su questa transazione?,Xóa thanh toán bị bỏ qua trên giao dịch này?,Usunąć pominiętą płatność w tej transakcji?,De overgeslagen betaling verwijderen bij deze transactie?,ลบการชำระเงินที่ข้ามในธุรกรรมนี้หรือไม่?,Odebrat přeskočenou platbu v této transakci?
remove,Remove,Retirer,Eliminar,消除,निकालना,يزيل,Remover,Удалять,削除,Entfernen,제거하다,Kaldırmak,Rimuovere,Di dời,Usunąć,Verwijderen,ลบ,Odstranit
remove-payment,Remove Payment,Supprimer le paiement,Eliminar el pago,删除付款,भुगतान निकालें,إزالة الدفع,Remova o pagamento,Удалить оплату,支払いを削除します,Zahlung entfernen,지불을 제거하십시오,Ödemeyi Kaldır,Rimuovere il pagamento,Xóa thanh toán,Usuń płatność,Verwijder de betaling,ลบการชำระเงิน,Odstranit platbu
remove-payment-description,Remove the payment on this transaction?,Supprimer le paiement sur cette transaction?,Eliminar el pago de esta transacción?,删除此交易的付款？,इस लेनदेन पर भुगतान निकालें?,إزالة الدفع على هذه الصفقة؟,Remover o pagamento nesta transação?,Удалить платеж по этой транзакции?,この取引の支払いを削除しますか？,Die Zahlung für diese Transaktion entfernen?,이 거래에서 지불을 제거 하시겠습니까?,Bu işlemdeki ödemeyi kaldırın mı?,Rimuovere il pagamento su questa transazione?,Xóa thanh toán cho giao dịch này?,Usunąć płatność w tej transakcji?,De betaling verwijderen bij deze transactie?,ลบการชำระเงินในธุรกรรมนี้หรือไม่?,Odebrat platbu v této transakci?
skipped,Skipped,Sauté,Salto,跳过,छोड़ा गया,تخطي,Pulou,Пропустил,スキップ,Übersprungen,건너 뛰었습니다,Atlamalı,Saltato,Bỏ qua,Pominąłem,Overgeslagen,ที่ข้ามไป,Přeskočil
paid,Paid,Payé,Pagado,有薪酬的,चुकाया गया,مدفوع,Pago,Оплаченный,有料,Bezahlt,유급의,Paralı,Pagato,Trả,Płatny,Betaald,จ่าย,Zaplaceno
not-paid,Not Paid,Impayé,No pagado,未支付,भुगतान नहीं,لم تدفع,Não pago,Не выплачивается,支払われていません,Nicht bezahlt,미 지불 상태의,Ödenmeyen,Non pagato,Không được trả tiền,Niezapłacone,Niet betaald,ไม่ได้รับเงิน,Neplaceno
discard-changes,Discard Changes?,Annuler les modifications?,¿Descartar los cambios?,放弃更改？,परिवर्तनों को निरस्त करें?,تجاهل التغييرات؟,Descartar mudanças?,Отменить изменения?,変更を破棄？,Änderungen verwerfen?,변경 사항을 취소?,Değişiklikleri gözardı et?,Non salvare le modifiche?,Loại bỏ những thay đổi?,Odrzucać zmiany?,Veranderingen ongedaan maken?,ทิ้งการเปลี่ยนแปลง?,Zrušit změny?
discard-changes-description,Are you sure you want to discard your changes.,Êtes-vous sûr de vouloir jeter vos modifications.,¿Estás seguro de que quieres descartar tus cambios?,您确定要丢弃更改吗？,क्या आप सुनिश्चित हैं कि आप अपने परिवर्तनों को छोड़ना चाहते हैं।,هل أنت متأكد من أنك تريد تجاهل تغييراتك.,Tem certeza de que deseja descartar suas alterações.,"Вы уверены, что хотите отказаться от своих изменений.",あなたはあなたの変更を捨てたいと思っていますか？,"Sind Sie sicher, dass Sie Ihre Änderungen verwerfen möchten?",변경 사항을 폐기하고 싶습니까?,Değişikliklerinizi atmak istediğinizden emin misiniz?,Sei sicuro di voler scartare le tue modifiche.,Bạn có chắc là bạn muốn loại bỏ các thay đổi của mình.,Czy na pewno chcesz odrzucić swoje zmiany.,Weet u zeker dat u uw wijzigingen wilt weggooien.,แน่ใจหรือว่าคุณต้องการยกเลิกการเปลี่ยนแปลงของคุณ,"Jste si jisti, že chcete své změny zahodit."
discard,Discard,Jeter,Desechar,丢弃,खारिज करना,ينبذ,Descartar,Отказаться,破棄,Verwerfen,버리다,Atmak,Scartare,Loại bỏ,Wyrzucać,Weggooien,ทิ้ง,Vyřadit
changelog,Changelog,Changelog,Colegio de cambios,ChangElog,बदलाव का,Changelog,Changelog,Изменение,Changelog,Änderungsprotokoll,변경 로그,Değişim yeri,Changelog,Thay đổi,Changelog,Changelog,การเปลี่ยนแปลง,ChangeLog
view-changelog,View Changelog,Voir la log des modifications,Ver ChangeLog,查看ChangElog,परिवर्तन लॉग देखें,عرض changelog,Visualizar registro de alteração,Посмотреть изменение изменений,changelogを表示します,ChangeLog anzeigen,changelog를 봅니다,Değişim günlüğünü incele,Visualizza Changelog,Xem Changelog,Przeglądać zmiany rejestru,Bekijk changelog,ดู Changelog,Zobrazit ChangeLog
view-app-intro,View Onboarding,Afficher l'intégration,Vista a bordo,查看入职,ऑनबोर्डिंग देखें,عرض على متن الطائرة,Ver integração,Посмотреть на борьбу,オンボーディングを表示します,Bordansicht,온보드를 봅니다,BAŞKA BAĞLANMA,Visualizza onboarding,Xem trên tàu,Wyświetl na pokład,Bekijk onboarding,ดู onboarding,Zobrazit na palubě
app-is-open-source,{app} is Open Source!,{app} est open source!,{app} es código abierto!,{app}是开源！,{app} खुला स्रोत है!,{app} مفتوح المصدر!,{app} é de código aberto!,{app} - открытый исходный код!,{app}はオープンソースです！,{app} ist Open Source!,{app}는 오픈 소스입니다!,{app} açık kaynak!,{app} è open source!,{app} là nguồn mở!,{app} to open source!,{app} is open source!,{app} เป็นโอเพ่นซอร์ส!,{app} je open source!
open-source,Open Source,Open source,Fuente abierta,开源,खुला स्त्रोत,المصدر المفتوح,Código aberto,Открытый источник,オープンソース,Open Source,오픈 소스,Açık kaynak,Open source,Mã nguồn mở,Otwarte źródło,Open source,โอเพ่นซอร์ส,Open Source
lead-developer,Lead Developer,Développeur principal,Desarrollador principal,首席开发人员,प्रमुख डेवलपर,المطور الرئيسي,Desenvolvedor-chefe,Ведущий разработчик,リード開発者,Leitender Entwickler,리드 개발자,Baş geliştirici,Sviluppatore principale,Nhà phát triển chính,Główny programista,Hoofdontwikkelaar,นักพัฒนานำ,Vedoucí vývojář
database-designer,Database Designer,Concepteur de base de données,Diseñador de bases de datos,数据库设计器,डेटाबेस डिजाइनर,مصمم قاعدة البيانات,Designer de banco de dados,Дизайнер базы данных,データベースデザイナー,Datenbankdesigner,데이터베이스 디자이너,Veritabanı tasarımcısı,Designer di database,Nhà thiết kế cơ sở dữ liệu,Projektant bazy danych,Database -ontwerper,นักออกแบบฐานข้อมูล,Návrhář databáze
graphics,Graphics,Graphique,Gráficos,图形,GRAPHICS,الرسومات,Gráficos,Графика,グラフィックス,Grafik,제도법,Grafikler,Grafica,Đồ họa,Grafika,Grafische afbeeldingen,กราฟิก,Grafika
freepik-credit,Icons from FlatIcon by FreePik,Icônes de Flaticon par Freepik,Íconos de Flaticon de Freepik,Freepik的Flaticon的图标,फ्रीपिक द्वारा Flaticon से आइकन,أيقونات من Flaticon by Freepik,Ícones de Flaticon by Freepik,Иконки от Flaticon от Freepik,FreepikによるFlaticonのアイコン,Ikonen aus Flaticon von Freepik,Freepik의 Flaticon의 아이콘,Freepik tarafından Flaticon'dan Simgeler,Icone da Flaticon di Freepik,Các biểu tượng từ Flaticon của Freepik,Ikony Flaticon autorstwa Freerepika,Iconen van Flaticon door Freepik,ไอคอนจาก flaticon โดย freepik,Ikony z FlaticOn od Frepik
font-awesome-credit,Icons from Font Awesome,Icônes de Font génial,Íconos de fuentes impresionantes,字体很棒的图标,फ़ॉन्ट भयानक से आइकन,أيقونات من الخط رائع,Ícones da font incrível,Иконки от шрифта потрясающе,フォントのアイコンは素晴らしい,Ikonen von Schriftart fantastisch,글꼴의 아이콘,Font Awesome'dan Simgeler,Icone di Font Awesome,Biểu tượng từ phông chữ tuyệt vời,Ikony Font Awesome,Iconen van lettertype geweldig,ไอคอนจาก Font Awesome,Ikony z písma Awesome
pch-vector-credit,Landing graphics by pch-vector,Graphiques d'atterrissage par PCH-Vector,Graphics de aterrizaje por PCH-vector,PCH-VECTOR的着陆图形,पीसीएच-वेक्टर द्वारा लैंडिंग ग्राफिक्स,الرسومات الهبوط من قبل PCH-Vector,Gráficos de pouso por PCH-vetor,Посадочная графика от PCH-Vector,PCH-Vectorによる着陸グラフィックス,Landung Grafiken von PCH-Vektor,PCH-VECTOR의 착륙 그래픽,PCH-Vector tarafından iniş grafikleri,Landing Graphics di PCH-vector,Đồ họa hạ cánh của PCH-Vector,Grafika do lądowania przez PCH-Vector,Landingafbeeldingen van PCH-Vector,กราฟิกลงจอดโดย PCH-Vector,Přistávací grafika od PCH-vektoru
major-tools,Major Tools,Outils majeurs,Herramientas principales,主要工具,प्रमुख उपकरण,أدوات رئيسية,Principais ferramentas,Основные инструменты,主要なツール,Hauptwerkzeuge,주요 도구,Ana araçlar,Strumenti principali,Công cụ chính,Główne narzędzia,Belangrijke tools,เครื่องมือสำคัญ,Hlavní nástroje
view-licenses-and-legalese,View Licenses and Legalese,Afficher les licences et les législateurs,Ver licencias y legalsese,查看许可证和法律,लाइसेंस और कानूनी देखें,عرض التراخيص والقانونية,Ver licenças e legalese,Посмотреть лицензии и законные,ライセンスとリーガルを表示します,Lizenzen anzeigen und legalese ansehen,라이센스 및 법률을 봅니다,Lisansları ve Hukukçu Görüntüle,Visualizza licenze e legali,Xem giấy phép và người hợp pháp,Zobacz licencje i legalne,Bekijk licenties en legalese,ดูใบอนุญาตและกฎหมาย,Zobrazit licence a legální
made-in-canada,Made in Canada,Fabriqué au Canada,Hecho en Canadá,在加拿大制造,कनाडा में निर्मित,صنع في كندا,Feito no Canadá,Сделано в Канаде,カナダで作られています,Hergestellt in Kanada,캐나다에서 만들어졌습니다,Kanada'da üretilmiştir,Prodotto in Canada,Được thực hiện ở Canada,Wyprodukowano w Kanadzie,Gemaakt in Canada,ผลิตในแคนาดา,Vyrobeno v Kanadě
delete-all-data,Delete All Data,Supprimer toutes les données,Eliminar todos los datos,删除所有数据,सभी डेटा हटाएँ,حذف جميع البيانات,Exclua todos os dados,Удалить все данные,すべてのデータを削除します,Alle Daten löschen,모든 데이터를 삭제합니다,Tüm verileri sil,Elimina tutti i dati,Xóa tất cả dữ liệu,Usuń wszystkie dane,Verwijder alle gegevens,ลบข้อมูลทั้งหมด,Odstranit všechna data
erase-everything,Erase everything?,Effacer tout?,¿Borra todo?,擦除一切？,सब कुछ मिटा दो?,محو كل شيء؟,Apague tudo?,Стереть все?,すべてを消去しますか？,Alles löschen?,모든 것을 지우시겠습니까?,Her şeyi sil?,Cancellare tutto?,Xoá đi mọi thứ?,Wymazac wszystko?,Wis alles?,ลบทุกอย่าง?,Vymazat všechno?
erase-everything-description,All Google Drive backups will be kept.,Toutes les sauvegardes Google Drive seront conservées.,Se mantendrán todas las copias de seguridad de Google Drive.,将保留所有Google驱动器备份。,सभी Google ड्राइव बैकअप रखे जाएंगे।,سيتم الاحتفاظ بجميع النسخ الاحتياطية لـ Google Drive.,Todos os backups do Google Drive serão mantidos.,Все резервные копии Google Drive будут сохранены.,すべてのGoogleドライブバックアップが保持されます。,Alle Google Drive -Backups werden aufbewahrt.,모든 Google 드라이브 백업은 유지됩니다.,Tüm Google Drive yedeklemeleri saklanacaktır.,Tutti i backup di Google Drive saranno conservati.,Tất cả các bản sao lưu của Google Drive sẽ được lưu giữ.,Wszystkie kopie zapasowe Dysku Google będą przechowywane.,Alle back -ups van Google Drive worden bewaard.,การสำรองข้อมูล Google ไดรฟ์ทั้งหมดจะถูกเก็บไว้,Všechny zálohování Disku Google budou uchovávány.
erase-everything-wraning,Are you sure you want to erase everything?,Êtes-vous sûr de vouloir tout effacer?,¿Estás seguro de que quieres borrar todo?,您确定要删除所有内容吗？,क्या आप सुनिश्चित हैं कि आप सब कुछ मिटाना चाहते हैं?,هل أنت متأكد أنك تريد محو كل شيء؟,Tem certeza de que deseja apagar tudo?,"Вы уверены, что хотите все стереть?",あなたはすべてを消去したいですか？,"Sind Sie sicher, dass Sie alles löschen möchten?",모든 것을 지우고 싶습니까?,Her şeyi silmek istediğinden emin misin?,Sei sicuro di voler cancellare tutto?,Bạn có chắc là bạn muốn xóa mọi thứ?,Czy na pewno chcesz wszystko wymazać?,Weet je zeker dat je alles wilt wissen?,แน่ใจหรือว่าต้องการลบทุกอย่าง?,"Jste si jisti, že chcete všechno vymazat?"
erase-everything-warning-description,All data and preferences will be deleted!,Toutes les données et préférences seront supprimées!,¡Todos los datos y preferencias se eliminarán!,所有数据和偏好将被删除！,सभी डेटा और वरीयताओं को हटा दिया जाएगा!,سيتم حذف جميع البيانات والتفضيلات!,Todos os dados e preferências serão excluídos!,Все данные и предпочтения будут удалены!,すべてのデータと設定が削除されます！,Alle Daten und Einstellungen werden gelöscht!,모든 데이터와 선호도가 삭제됩니다!,Tüm veriler ve tercihler silinecektir!,Tutti i dati e le preferenze verranno eliminati!,Tất cả dữ liệu và sở thích sẽ bị xóa!,Wszystkie dane i preferencje zostaną usunięte!,Alle gegevens en voorkeuren worden verwijderd!,ข้อมูลและการตั้งค่าทั้งหมดจะถูกลบ!,Všechna data a preference budou odstraněny!
erase,Erase,Effacer,Borrar,擦除,मिटाएं,مسح,Apagar,Стереть,消去します,Löschen,삭제,Silmek,Cancellare,Tẩy xóa,Usuwać,Wissen,ลบออก,Vymazat
edit-category,Edit Category,Modifier la catégorie,Editar categoria,编辑类别,संपादित श्रेणी,تحرير الفئة,Categoria de edição,Редактировать категорию,編集カテゴリ,Kategorie bearbeiten,카테고리 편집,Düzenle Kategorisi,Modifica categoria,Chỉnh sửa danh mục,Edytuj kategorię,Categorie bewerken,แก้ไขหมวดหมู่,Úpravy kategorie
save-changes,Save Changes,Sauvegarder les modifications,Guardar cambios,保存更改,परिवर्तनों को सुरक्षित करें,حفظ التغييرات,Salvar alterações,Сохранить изменения,変更内容を保存,Änderungen speichern,변경 사항을 저장하다,Değişiklikleri Kaydet,Salvare le modifiche,Lưu thay đổi,Zapisz zmiany,Wijzigingen opslaan,บันทึกการเปลี่ยนแปลง,Uložit změny
budget-type,Budget Type,Type de budget,Tipo de presupuesto,预算类型,बजट प्रकार,نوع الميزانية,Tipo de orçamento,Бюджетный тип,予算タイプ,Budgettyp,예산 유형,Bütçe türü,Tipo di budget,Loại ngân sách,Typ budżetu,Budgettype,ประเภทงบประมาณ,Typ rozpočtu
budget-type-all-description,All transactions within the time period following the categories and filters selected will be added to this budget,Toutes les transactions dans le délai suivant les catégories et filtres sélectionnés seront ajoutés à ce budget,Todas las transacciones dentro del período de tiempo posterior a las categorías y filtros seleccionados se agregarán a este presupuesto,此类别和过滤器以下时间段内的所有交易都将添加到本预算中,चयनित श्रेणियों और फिल्टर के बाद की समय अवधि के भीतर सभी लेनदेन इस बजट में जोड़े जाएंगे,ستتم إضافة جميع المعاملات خلال الفترة الزمنية التي تلي الفئات والمرشحات المحددة إلى هذه الميزانية,Todas as transações dentro do período seguinte às categorias e filtros selecionados serão adicionados a este orçamento,Все транзакции в течение периода времени после выбранных категорий и фильтров будут добавлены в этот бюджет,選択されたカテゴリとフィルターに続く期間内のすべてのトランザクションがこの予算に追加されます,Alle Transaktionen innerhalb des folgenden Zeitraums der ausgewählten Kategorien und Filter werden diesem Budget hinzugefügt,선택한 카테고리 및 필터에 따른 기간 내의 모든 거래는이 예산에 추가됩니다.,Seçilen kategorileri ve filtreleri takip eden tüm işlemler bu bütçeye eklenecektir,Tutte le transazioni entro il periodo di tempo seguenti le categorie e i filtri selezionati verranno aggiunti a questo budget,Tất cả các giao dịch trong khoảng thời gian sau các danh mục và bộ lọc được chọn sẽ được thêm vào ngân sách này,Wszystkie transakcje w okresie po wybranych kategoriach i filtry zostaną dodane do tego budżetu,Alle transacties binnen de tijdsperiode na de geselecteerde categorieën en filters worden aan dit budget toegevoegd,การทำธุรกรรมทั้งหมดภายในระยะเวลาตามหมวดหมู่และตัวกรองที่เลือกจะถูกเพิ่มลงในงบประมาณนี้,K tomuto rozpočtu budou přidány všechny transakce v časovém období po vybraných kategoriích a filtrech
budget-type-shared-description,Only transactions added to this budget will be shared with others users you share this budget to,Seules les transactions ajoutées à ce budget seront partagées avec d'autres utilisateurs auxquels vous partagez ce budget,Solo las transacciones agregadas a este presupuesto se compartirán con otros usuarios a los que comparte este presupuesto para,仅添加到本预算中的交易将与您共享此预算的其他用户共享,इस बजट में जोड़े गए लेन -देन को केवल उन अन्य उपयोगकर्ताओं के साथ साझा किया जाएगा जिन्हें आप इस बजट को साझा करते हैं,سيتم مشاركة المعاملات فقط التي تمت إضافتها إلى هذه الميزانية مع المستخدمين الآخرين الذين تشاركهم هذه الميزانية إلى,Somente transações adicionadas a esse orçamento serão compartilhadas com outros usuários para os quais você compartilha esse orçamento,"Только транзакции, добавленные в этот бюджет",この予算に追加された取引のみが、この予算を共有する他のユーザーと共有されます,"Nur Transaktionen, die zu diesem Budget hinzugefügt werden, werden mit anderen Benutzern, an die Sie dieses Budget teilen",이 예산에 추가 된 거래만이 예산을 공유하는 다른 사용자와 공유됩니다.,"Yalnızca bu bütçeye eklenen işlemler, bu bütçeyi paylaştığınız diğer kullanıcılarla paylaşılacaktır.",Solo le transazioni aggiunte a questo budget saranno condivise con gli altri utenti in cui condividi questo budget,Chỉ các giao dịch được thêm vào ngân sách này mới được chia sẻ với người dùng khác mà bạn chia sẻ ngân sách này để,"Tylko transakcje dodane do tego budżetu będą udostępniane innym użytkownikom, którym udostępniasz ten budżet","Alleen transacties die aan dit budget worden toegevoegd, worden gedeeld met anderen waarmee u dit budget deelt",เฉพาะธุรกรรมที่เพิ่มเข้ามาในงบประมาณนี้จะถูกแบ่งปันกับผู้ใช้รายอื่นที่คุณแบ่งปันงบประมาณนี้,"Pouze transakce přidané do tohoto rozpočtu budou sdíleny s ostatními uživateli, kterým sdílíte tento rozpočet"
budget-type-added-description,Only the transactions you explicitly add to this budget will be shown in this budget,Seules les transactions que vous ajoutez explicitement à ce budget seront affichées dans ce budget,Solo las transacciones que agrega explícitamente a este presupuesto se mostrarán en este presupuesto,只有您明确添加到本预算中的交易才会显示在此预算中,"केवल इस बजट में आप जो लेनदेन स्पष्ट रूप से जोड़ते हैं, उन्हें इस बजट में दिखाया जाएगा",سيتم عرض المعاملات التي تضيفها صراحة إلى هذه الميزانية في هذه الميزانية,Somente as transações que você adicionar explicitamente a esse orçamento serão mostradas neste orçamento,"Только те транзакции, которые вы явно добавляете к этому бюджету, будут показаны в этом бюджете",この予算に明示的に追加する取引のみがこの予算に表示されます,"In diesem Budget werden nur die Transaktionen, die Sie ausdrücklich zu diesem Budget hinzufügen, angezeigt",이 예산에 명시 적으로 추가 된 거래만이 예산에 표시됩니다.,Bu bütçede yalnızca bu bütçeye açıkça eklediğiniz işlemler gösterilecektir.,Solo le transazioni che aggiungi esplicitamente a questo budget saranno mostrate in questo budget,Chỉ các giao dịch bạn thêm rõ ràng vào ngân sách này sẽ được hiển thị trong ngân sách này,"Tylko transakcje, które wyraźnie dodasz do tego budżetu, zostaną pokazane w tym budżecie","Alleen de transacties die u expliciet aan dit budget toevoegt, worden in dit budget getoond",เฉพาะธุรกรรมที่คุณเพิ่มอย่างชัดเจนในงบประมาณนี้จะแสดงในงบประมาณนี้,"V tomto rozpočtu budou uvedeny pouze transakce, které výslovně přidáte k tomuto rozpočtu"
monthly,Monthly,Mensuel,Mensual,每月,महीने के,شهريا,Por mês,Ежемесячно,毎月,Monatlich,월간 간행물,Aylık,Mensile,Hàng tháng,Miesięczny,Maandelijks,รายเดือน,Měsíční
yearly,Yearly,Annuel,Anual,每年,सालाना,سنوي,Anual,Ежегодно,毎年,Jährlich,매년,Yıllık,Annuale,Hàng năm,Rocznie,Jaarlijks,ทุกปี,Roční
total,Total,Total,Total,全部的,कुल,المجموع,Total,Общий,合計,Gesamt,총,Toplam,Totale,Tổng cộng,Całkowity,Totaal,ทั้งหมด,Celkový
monthly-subscriptions,Monthly subscriptions,Abonnements mensuels,Suscripciones mensuales,每月订阅,मासिक सदस्यता,الاشتراكات الشهرية,Assinaturas mensais,Ежемесячные подписки,毎月のサブスクリプション,Monatliche Abonnements,월간 구독,Aylık Abonelikler,Abbonamenti mensili,Đăng ký hàng tháng,Miesięczne subskrypcje,Maandelijkse abonnementen,การสมัครสมาชิกรายเดือน,Měsíční předplatné
yearly-subscriptions,Yearly subscriptions,Abonnements annuels,Suscripciones anuales,年度订阅,वार्षिक सदस्यता,الاشتراكات السنوية,Assinaturas anuais,Ежегодные подписки,毎年のサブスクリプション,Jährliche Abonnements,연간 구독,Yıllık Abonelikler,Abbonamenti annuali,Đăng ký hàng năm,Roczne subskrypcje,Jaarlijkse abonnementen,การสมัครสมาชิกรายปี,Roční předplatné
total-subscriptions,Total subscriptions,Abonnements totaux,Suscripciones totales,总订阅,कुल सदस्यताएँ,إجمالي الاشتراكات,Total de assinaturas,Общие подписки,合計サブスクリプション,Gesamtabonnements,총 가입,Toplam Abonelikler,Abbonamenti totali,Tổng số đăng ký,Całkowite subskrypcje,Totale abonnementen,การสมัครสมาชิกทั้งหมด,Celkové předplatné